Rodada,Query,Tempo de Execução sem Indexação,Tempo de Execução com Indexação,SpeedUp,Melhoria
1,1,"0,001981","0,00263","0,7532319392","-32,76%"
1,2,0,"0,000999",0,"0,00%"
1,3,0,0,0,"0,00%"
1,4,0,0,0,"0,00%"
1,5,"0,000998","0,002","0,499","-100,40%"
1,6,0,0,0,"0,00%"
1,7,"0,000999","0,000998","1,001002004","0,10%"
1,8,0,"0,00102",0,"0,00%"
1,9,"0,00097",0,0,"100,00%"
1,10,"0,001001","0,000978","1,023517382","2,30%"
1,11,0,"0,001001",0,"0,00%"
1,12,"0,000999","0,000998","1,001002004","0,10%"
1,13,"0,001001",0,0,"100,00%"
1,14,0,0,0,"0,00%"
1,15,"0,000999","0,000997","1,002006018","0,20%"
1,16,0,0,0,"0,00%"
1,17,"0,001999","0,002001","0,9990004998","-0,10%"
1,18,"0,001",0,0,"100,00%"
1,19,0,0,0,"0,00%"
1,20,0,0,0,"0,00%"
1,21,"0,001",0,0,"100,00%"
1,22,"0,001017","0,000979","1,038815117","3,74%"
1,23,0,0,0,"0,00%"
1,24,0,0,0,"0,00%"
1,25,0,0,0,"0,00%"
1,26,0,"0,001001",0,"0,00%"
1,27,0,0,0,"0,00%"
1,28,0,0,0,"0,00%"
1,29,"0,000999","0,00102","0,9794117647","-2,10%"
1,30,0,0,0,"0,00%"
1,31,0,0,0,"0,00%"
1,32,"0,001",0,0,"100,00%"
1,33,"0,001999","0,00198","1,00959596","0,95%"
1,34,0,0,0,"0,00%"
1,35,"0,000999","0,000998","1,001002004","0,10%"
1,36,"0,000998","0,002","0,499","-100,40%"
1,37,0,0,0,"0,00%"
1,38,"0,000998","0,000999","0,998998999","-0,10%"
1,39,0,0,0,"0,00%"
1,40,0,"0,001001",0,"0,00%"
1,41,0,0,0,"0,00%"
1,42,"0,00102",0,0,"100,00%"
1,43,"0,001","0,001001","0,999000999","-0,10%"
1,44,0,0,0,"0,00%"
1,45,0,0,0,"0,00%"
1,46,"0,000999","0,000975","1,024615385","2,40%"
1,47,"0,000999","0,001018","0,9813359528","-1,90%"
1,48,0,"0,000981",0,"0,00%"
1,49,0,"0,00102",0,"0,00%"
1,50,"0,002017","0,001997","1,010015023","0,99%"
1,51,0,"0,000981",0,"0,00%"
1,52,0,"0,000999",0,"0,00%"
1,53,0,"0,001024",0,"0,00%"
1,54,0,"0,000995",0,"0,00%"
1,55,0,"0,000998",0,"0,00%"
2,1,0,0,0,"0,00%"
2,2,0,"0,000981",0,"0,00%"
2,3,0,0,0,"0,00%"
2,4,0,0,0,"0,00%"
2,5,0,0,0,"0,00%"
2,6,0,0,0,"0,00%"
2,7,0,0,0,"0,00%"
2,8,"0,001001",0,0,"100,00%"
2,9,0,0,0,"0,00%"
2,10,"0,000999",0,0,"100,00%"
2,11,0,0,0,"0,00%"
2,12,"0,000999",0,0,"100,00%"
2,13,0,0,0,"0,00%"
2,14,"0,001012","0,001","1,012","1,19%"
2,15,0,0,0,"0,00%"
2,16,0,"0,001001",0,"0,00%"
2,17,0,0,0,"0,00%"
2,18,"0,001003",0,0,"100,00%"
2,19,0,0,0,"0,00%"
2,20,"0,001",0,0,"100,00%"
2,21,0,0,0,"0,00%"
2,22,0,0,0,"0,00%"
2,23,0,0,0,"0,00%"
2,24,0,0,0,"0,00%"
2,25,0,0,0,"0,00%"
2,26,0,0,0,"0,00%"
2,27,0,0,0,"0,00%"
2,28,0,"0,000979",0,"0,00%"
2,29,"0,000999",0,0,"100,00%"
2,30,0,0,0,"0,00%"
2,31,0,"0,00102",0,"0,00%"
2,32,"0,00098",0,0,"100,00%"
2,33,0,"0,000981",0,"0,00%"
2,34,"0,000999",0,0,"100,00%"
2,35,0,"0,000999",0,"0,00%"
2,36,0,0,0,"0,00%"
2,37,"0,000999",0,0,"100,00%"
2,38,0,"0,001002",0,"0,00%"
2,39,"0,001003",0,0,"100,00%"
2,40,0,"0,000978",0,"0,00%"
2,41,0,"0,001003",0,"0,00%"
2,42,"0,000978",0,0,"100,00%"
2,43,0,0,0,"0,00%"
2,44,0,"0,000999",0,"0,00%"
2,45,"0,000999",0,0,"100,00%"
2,46,0,0,0,"0,00%"
2,47,0,"0,001019",0,"0,00%"
2,48,"0,000999",0,0,"100,00%"
2,49,"0,000999","0,001008","0,9910714286","-0,90%"
2,50,"0,000999","0,001014","0,9852071006","-1,50%"
2,51,"0,000999",0,0,"100,00%"
2,52,"0,001","0,001004","0,9960159363","-0,40%"
2,53,"0,000999","0,000999",1,"0,00%"
2,54,"0,000999","0,000999",1,"0,00%"
2,55,"0,001","0,000999","1,001001001","0,10%"
3,1,0,0,0,"0,00%"
3,2,"0,001","0,001",1,"0,00%"
3,3,0,0,0,"0,00%"
3,4,"0,000999","0,000999",1,"0,00%"
3,5,0,0,0,"0,00%"
3,6,0,0,0,"0,00%"
3,7,0,0,0,"0,00%"
3,8,0,0,0,"0,00%"
3,9,0,0,0,"0,00%"
3,10,0,0,0,"0,00%"
3,11,"0,000978",0,0,"100,00%"
3,12,0,0,0,"0,00%"
3,13,"0,000999",0,0,"100,00%"
3,14,0,0,0,"0,00%"
3,15,"0,001024",0,0,"100,00%"
3,16,0,0,0,"0,00%"
3,17,"0,000974",0,0,"100,00%"
3,18,0,0,0,"0,00%"
3,19,"0,001025",0,0,"100,00%"
3,20,0,0,0,"0,00%"
3,21,"0,000973",0,0,"100,00%"
3,22,0,0,0,"0,00%"
3,23,0,0,0,"0,00%"
3,24,0,0,0,"0,00%"
3,25,"0,001022",0,0,"100,00%"
3,26,0,"0,001004",0,"0,00%"
3,27,0,0,0,"0,00%"
3,28,0,"0,001",0,"0,00%"
3,29,0,0,0,"0,00%"
3,30,"0,001019",0,0,"100,00%"
3,31,0,0,0,"0,00%"
3,32,0,0,0,"0,00%"
3,33,0,0,0,"0,00%"
3,34,0,0,0,"0,00%"
3,35,"0,000999",0,0,"100,00%"
3,36,0,0,0,"0,00%"
3,37,"0,000998","0,001","0,998","-0,20%"
3,38,0,0,0,"0,00%"
3,39,0,0,0,"0,00%"
3,40,"0,001026","0,001021","1,00489716","0,49%"
3,41,0,0,0,"0,00%"
3,42,0,0,0,"0,00%"
3,43,0,"0,001001",0,"0,00%"
3,44,"0,000999",0,0,"100,00%"
3,45,0,0,0,"0,00%"
3,46,"0,001004","0,000999","1,005005005","0,50%"
3,47,"0,001019","0,001031","0,9883608147","-1,18%"
3,48,0,0,0,"0,00%"
3,49,0,"0,000968",0,"0,00%"
3,50,"0,000998","0,002008","0,4970119522","-101,20%"
3,51,0,0,0,"0,00%"
3,52,0,0,0,"0,00%"
3,53,"0,001","0,000981","1,019367992","1,90%"
3,54,0,"0,001",0,"0,00%"
3,55,0,"0,000999",0,"0,00%"
4,1,0,0,0,"0,00%"
4,2,"0,000999",0,0,"100,00%"
4,3,0,0,0,"0,00%"
4,4,"0,001005","0,001","1,005","0,50%"
4,5,0,0,0,"0,00%"
4,6,0,"0,000999",0,"0,00%"
4,7,0,0,0,"0,00%"
4,8,0,"0,001",0,"0,00%"
4,9,0,0,0,"0,00%"
4,10,0,"0,000999",0,"0,00%"
4,11,0,0,0,"0,00%"
4,12,0,0,0,"0,00%"
4,13,"0,001004",0,0,"100,00%"
4,14,0,0,0,"0,00%"
4,15,"0,000996","0,001001","0,995004995","-0,50%"
4,16,0,0,0,"0,00%"
4,17,"0,001024","0,001021","1,002938296","0,29%"
4,18,0,0,0,"0,00%"
4,19,0,"0,000979",0,"0,00%"
4,20,0,0,0,"0,00%"
4,21,0,0,0,"0,00%"
4,22,0,0,0,"0,00%"
4,23,"0,000999",0,0,"100,00%"
4,24,0,0,0,"0,00%"
4,25,"0,001001",0,0,"100,00%"
4,26,0,0,0,"0,00%"
4,27,0,"0,001001",0,"0,00%"
4,28,"0,001019",0,0,"100,00%"
4,29,0,0,0,"0,00%"
4,30,"0,000981","0,001023","0,9589442815","-4,28%"
4,31,0,0,0,"0,00%"
4,32,0,"0,000977",0,"0,00%"
4,33,"0,00098",0,0,"100,00%"
4,34,0,"0,000999",0,"0,00%"
4,35,0,0,0,"0,00%"
4,36,"0,001004","0,000999","1,005005005","0,50%"
4,37,0,0,0,"0,00%"
4,38,"0,001008",0,0,"100,00%"
4,39,0,0,0,"0,00%"
4,40,0,"0,001034",0,"0,00%"
4,41,"0,001",0,0,"100,00%"
4,42,"0,000999",0,0,"100,00%"
4,43,0,0,0,"0,00%"
4,44,0,"0,001004",0,"0,00%"
4,45,"0,001003",0,0,"100,00%"
4,46,0,"0,001003",0,"0,00%"
4,47,0,"0,001016",0,"0,00%"
4,48,0,0,0,"0,00%"
4,49,"0,001",0,0,"100,00%"
4,50,"0,000999","0,000999",1,"0,00%"
4,51,"0,001",0,0,"100,00%"
4,52,"0,000999",0,0,"100,00%"
4,53,"0,000999","0,000982","1,017311609","1,70%"
4,54,"0,000999","0,001001","0,998001998","-0,20%"
4,55,"0,001","0,000998","1,002004008","0,20%"
5,1,0,0,0,"0,00%"
5,2,"0,001006",0,0,"100,00%"
5,3,0,0,0,"0,00%"
5,4,"0,000992",0,0,"100,00%"
5,5,0,0,0,"0,00%"
5,6,0,"0,000999",0,"0,00%"
5,7,0,0,0,"0,00%"
5,8,0,"0,000999",0,"0,00%"
5,9,0,0,0,"0,00%"
5,10,0,"0,000999",0,"0,00%"
5,11,0,0,0,"0,00%"
5,12,0,"0,000999",0,"0,00%"
5,13,0,0,0,"0,00%"
5,14,"0,001001",0,0,"100,00%"
5,15,0,0,0,"0,00%"
5,16,"0,000999",0,0,"100,00%"
5,17,0,0,0,"0,00%"
5,18,"0,000998",0,0,"100,00%"
5,19,0,0,0,"0,00%"
5,20,"0,001",0,0,"100,00%"
5,21,0,0,0,"0,00%"
5,22,0,0,0,"0,00%"
5,23,0,0,0,"0,00%"
5,24,0,0,0,"0,00%"
5,25,0,0,0,"0,00%"
5,26,0,0,0,"0,00%"
5,27,"0,00098",0,0,"100,00%"
5,28,0,"0,000999",0,"0,00%"
5,29,"0,000998",0,0,"100,00%"
5,30,0,"0,001",0,"0,00%"
5,31,"0,001004",0,0,"100,00%"
5,32,0,0,0,"0,00%"
5,33,"0,000999",0,0,"100,00%"
5,34,0,0,0,"0,00%"
5,35,"0,000998",0,0,"100,00%"
5,36,0,"0,000999",0,"0,00%"
5,37,0,0,0,"0,00%"
5,38,0,0,0,"0,00%"
5,39,0,"0,000998",0,"0,00%"
5,40,"0,000999",0,0,"100,00%"
5,41,"0,001","0,001001","0,999000999","-0,10%"
5,42,0,"0,000999",0,"0,00%"
5,43,0,0,0,"0,00%"
5,44,"0,000999","0,000999",1,"0,00%"
5,45,0,0,0,"0,00%"
5,46,0,0,0,"0,00%"
5,47,0,"0,000999",0,"0,00%"
5,48,0,0,0,"0,00%"
5,49,"0,00098",0,0,"100,00%"
5,50,"0,001021","0,000999","1,022022022","2,15%"
5,51,0,0,0,"0,00%"
5,52,0,"0,001",0,"0,00%"
5,53,0,"0,000998",0,"0,00%"
5,54,"0,001001","0,001001",1,"0,00%"
5,55,"0,000999","0,000999",1,"0,00%"
6,1,0,0,0,"0,00%"
6,2,0,"0,000999",0,"0,00%"
6,3,0,0,0,"0,00%"
6,4,"0,000997","0,000999","0,997997998","-0,20%"
6,5,0,0,0,"0,00%"
6,6,"0,000999","0,000999",1,"0,00%"
6,7,0,0,0,"0,00%"
6,8,"0,000999",0,0,"100,00%"
6,9,0,0,0,"0,00%"
6,10,0,0,0,"0,00%"
6,11,0,0,0,"0,00%"
6,12,0,0,0,"0,00%"
6,13,"0,000999",0,0,"100,00%"
6,14,0,0,0,"0,00%"
6,15,"0,000999","0,001","0,999","-0,10%"
6,16,0,0,0,"0,00%"
6,17,"0,000998","0,000999","0,998998999","-0,10%"
6,18,0,0,0,"0,00%"
6,19,"0,001001","0,000999","1,002002002","0,20%"
6,20,0,0,0,"0,00%"
6,21,0,"0,000998",0,"0,00%"
6,22,0,0,0,"0,00%"
6,23,0,0,0,"0,00%"
6,24,0,0,0,"0,00%"
6,25,0,0,0,"0,00%"
6,26,0,0,0,"0,00%"
6,27,0,0,0,"0,00%"
6,28,0,0,0,"0,00%"
6,29,"0,001","0,001004","0,9960159363","-0,40%"
6,30,0,0,0,"0,00%"
6,31,0,0,0,"0,00%"
6,32,"0,000998","0,000995","1,003015075","0,30%"
6,33,0,0,0,"0,00%"
6,34,0,0,0,"0,00%"
6,35,0,0,0,"0,00%"
6,36,"0,001",0,0,"100,00%"
6,37,0,0,0,"0,00%"
6,38,"0,000999",0,0,"100,00%"
6,39,0,"0,000999",0,"0,00%"
6,40,"0,000999",0,0,"100,00%"
6,41,"0,000999",0,0,"100,00%"
6,42,0,"0,000999",0,"0,00%"
6,43,0,"0,000999",0,"0,00%"
6,44,"0,000999",0,0,"100,00%"
6,45,0,"0,000999",0,"0,00%"
6,46,0,0,0,"0,00%"
6,47,"0,00102",0,0,"100,00%"
6,48,0,"0,001004",0,"0,00%"
6,49,0,0,0,"0,00%"
6,50,"0,001","0,001014","0,9861932939","-1,40%"
6,51,0,"0,000984",0,"0,00%"
6,52,"0,000998","0,000999","0,998998999","-0,10%"
6,53,"0,001001",0,0,"100,00%"
6,54,"0,000999",0,0,"100,00%"
6,55,0,0,0,"0,00%"
7,1,0,0,0,"0,00%"
7,2,0,0,0,"0,00%"
7,3,"0,000975",0,0,"100,00%"
7,4,0,0,0,"0,00%"
7,5,"0,001001",0,0,"100,00%"
7,6,0,"0,001001",0,"0,00%"
7,7,0,0,0,"0,00%"
7,8,0,0,0,"0,00%"
7,9,0,0,0,"0,00%"
7,10,0,0,0,"0,00%"
7,11,0,0,0,"0,00%"
7,12,0,0,0,"0,00%"
7,13,0,"0,000998",0,"0,00%"
7,14,"0,000998",0,0,"100,00%"
7,15,0,0,0,"0,00%"
7,16,0,0,0,"0,00%"
7,17,0,"0,001001",0,"0,00%"
7,18,0,0,0,"0,00%"
7,19,0,0,0,"0,00%"
7,20,"0,001001",0,0,"100,00%"
7,21,0,"0,001004",0,"0,00%"
7,22,0,0,0,"0,00%"
7,23,0,"0,000998",0,"0,00%"
7,24,0,0,0,"0,00%"
7,25,0,"0,000997",0,"0,00%"
7,26,0,0,0,"0,00%"
7,27,0,"0,001",0,"0,00%"
7,28,0,0,0,"0,00%"
7,29,0,"0,000998",0,"0,00%"
7,30,0,0,0,"0,00%"
7,31,0,"0,001001",0,"0,00%"
7,32,"0,00098","0,000999","0,980980981","-1,94%"
7,33,0,0,0,"0,00%"
7,34,"0,001","0,000999","1,001001001","0,10%"
7,35,0,0,0,"0,00%"
7,36,"0,000999","0,000999",1,"0,00%"
7,37,0,"0,001001",0,"0,00%"
7,38,"0,000998",0,0,"100,00%"
7,39,0,0,0,"0,00%"
7,40,0,"0,00098",0,"0,00%"
7,41,"0,000998","0,000999","0,998998999","-0,10%"
7,42,"0,000999","0,000999",1,"0,00%"
7,43,0,"0,000999",0,"0,00%"
7,44,"0,001","0,001",1,"0,00%"
7,45,0,"0,001019",0,"0,00%"
7,46,0,0,0,"0,00%"
7,47,"0,001015","0,001017","0,9980334317","-0,20%"
7,48,0,"0,001014",0,"0,00%"
7,49,0,"0,000965",0,"0,00%"
7,50,"0,000976","0,002","0,488","-104,92%"
7,51,0,"0,000999",0,"0,00%"
7,52,"0,001001","0,000999","1,002002002","0,20%"
7,53,"0,001007","0,001001","1,005994006","0,60%"
7,54,"0,001013",0,0,"100,00%"
7,55,0,0,0,"0,00%"
8,1,0,"0,001001",0,"0,00%"
8,2,0,0,0,"0,00%"
8,3,"0,000978",0,0,"100,00%"
8,4,0,0,0,"0,00%"
8,5,0,0,0,"0,00%"
8,6,0,0,0,"0,00%"
8,7,0,0,0,"0,00%"
8,8,"0,000999","0,001003","0,9960119641","-0,40%"
8,9,0,0,0,"0,00%"
8,10,0,0,0,"0,00%"
8,11,0,0,0,"0,00%"
8,12,0,0,0,"0,00%"
8,13,"0,001","0,000998","1,002004008","0,20%"
8,14,0,0,0,"0,00%"
8,15,0,0,0,"0,00%"
8,16,0,0,0,"0,00%"
8,17,"0,000999",0,0,"100,00%"
8,18,0,0,0,"0,00%"
8,19,0,0,0,"0,00%"
8,20,0,0,0,"0,00%"
8,21,"0,001004",0,0,"100,00%"
8,22,0,"0,001001",0,"0,00%"
8,23,0,0,0,"0,00%"
8,24,0,0,0,"0,00%"
8,25,0,0,0,"0,00%"
8,26,0,0,0,"0,00%"
8,27,0,0,0,"0,00%"
8,28,"0,001001","0,000999","1,002002002","0,20%"
8,29,0,0,0,"0,00%"
8,30,0,"0,000998",0,"0,00%"
8,31,0,0,0,"0,00%"
8,32,0,"0,001",0,"0,00%"
8,33,0,0,0,"0,00%"
8,34,"0,001008","0,001002","1,005988024","0,60%"
8,35,0,0,0,"0,00%"
8,36,"0,000991","0,000997","0,9939819458","-0,61%"
8,37,0,0,0,"0,00%"
8,38,"0,000999","0,000999",1,"0,00%"
8,39,0,0,0,"0,00%"
8,40,"0,000999","0,000999",1,"0,00%"
8,41,0,0,0,"0,00%"
8,42,0,0,0,"0,00%"
8,43,"0,000995","0,000999","0,995995996","-0,40%"
8,44,0,0,0,"0,00%"
8,45,"0,000999","0,000999",1,"0,00%"
8,46,0,0,0,"0,00%"
8,47,0,0,0,"0,00%"
8,48,"0,000976",0,0,"100,00%"
8,49,"0,000998",0,0,"100,00%"
8,50,"0,001","0,000978","1,022494888","2,20%"
8,51,"0,000999","0,000999",1,"0,00%"
8,52,"0,000999",0,0,"100,00%"
8,53,0,0,0,"0,00%"
8,54,"0,001001",0,0,"100,00%"
8,55,"0,000998","0,001001","0,997002997","-0,30%"
9,1,0,0,0,"0,00%"
9,2,0,0,0,"0,00%"
9,3,0,0,0,"0,00%"
9,4,0,"0,001001",0,"0,00%"
9,5,0,0,0,"0,00%"
9,6,0,0,0,"0,00%"
9,7,"0,000999",0,0,"100,00%"
9,8,0,0,0,"0,00%"
9,9,0,0,0,"0,00%"
9,10,0,0,0,"0,00%"
9,11,0,"0,000999",0,"0,00%"
9,12,0,0,0,"0,00%"
9,13,0,0,0,"0,00%"
9,14,0,0,0,"0,00%"
9,15,"0,001004",0,0,"100,00%"
9,16,0,0,0,"0,00%"
9,17,0,0,0,"0,00%"
9,18,0,0,0,"0,00%"
9,19,0,0,0,"0,00%"
9,20,"0,001",0,0,"100,00%"
9,21,0,0,0,"0,00%"
9,22,0,0,0,"0,00%"
9,23,0,"0,001",0,"0,00%"
9,24,0,0,0,"0,00%"
9,25,"0,000999","0,001001","0,998001998","-0,20%"
9,26,0,0,0,"0,00%"
9,27,0,0,0,"0,00%"
9,28,0,0,0,"0,00%"
9,29,0,"0,001052",0,"0,00%"
9,30,"0,001001",0,0,"100,00%"
9,31,0,0,0,"0,00%"
9,32,"0,000999",0,0,"100,00%"
9,33,0,0,0,"0,00%"
9,34,"0,001",0,0,"100,00%"
9,35,0,0,0,"0,00%"
9,36,"0,000998","0,001001","0,997002997","-0,30%"
9,37,0,0,0,"0,00%"
9,38,"0,001001",0,0,"100,00%"
9,39,0,0,0,"0,00%"
9,40,"0,001003",0,0,"100,00%"
9,41,0,0,0,"0,00%"
9,42,"0,000999",0,0,"100,00%"
9,43,"0,000999","0,000998","1,001002004","0,10%"
9,44,0,0,0,"0,00%"
9,45,"0,001",0,0,"100,00%"
9,46,0,0,0,"0,00%"
9,47,0,"0,00106",0,"0,00%"
9,48,"0,001001",0,0,"100,00%"
9,49,0,"0,001002",0,"0,00%"
9,50,"0,001026","0,000999","1,027027027","2,63%"
9,51,"0,000998","0,001015","0,9832512315","-1,70%"
9,52,0,0,0,"0,00%"
9,53,0,0,0,"0,00%"
9,54,"0,000999","0,001003","0,9960119641","-0,40%"
9,55,0,"0,00098",0,"0,00%"
10,1,0,0,0,"0,00%"
10,2,0,"0,000999",0,"0,00%"
10,3,"0,001004",0,0,"100,00%"
10,4,0,0,0,"0,00%"
10,5,0,0,0,"0,00%"
10,6,0,0,0,"0,00%"
10,7,0,"0,001014",0,"0,00%"
10,8,"0,000998",0,0,"100,00%"
10,9,0,0,0,"0,00%"
10,10,0,0,0,"0,00%"
10,11,0,0,0,"0,00%"
10,12,0,"0,001019",0,"0,00%"
10,13,"0,000977",0,0,"100,00%"
10,14,0,0,0,"0,00%"
10,15,"0,000999","0,000999",1,"0,00%"
10,16,0,0,0,"0,00%"
10,17,0,0,0,"0,00%"
10,18,0,"0,001004",0,"0,00%"
10,19,0,0,0,"0,00%"
10,20,"0,000997",0,0,"100,00%"
10,21,0,"0,000999",0,"0,00%"
10,22,0,0,0,"0,00%"
10,23,0,0,0,"0,00%"
10,24,0,0,0,"0,00%"
10,25,"0,000999",0,0,"100,00%"
10,26,0,0,0,"0,00%"
10,27,"0,001",0,0,"100,00%"
10,28,0,"0,001",0,"0,00%"
10,29,"0,000999",0,0,"100,00%"
10,30,0,"0,000999",0,"0,00%"
10,31,"0,000999",0,0,"100,00%"
10,32,0,0,0,"0,00%"
10,33,0,0,0,"0,00%"
10,34,0,0,0,"0,00%"
10,35,0,0,0,"0,00%"
10,36,0,0,0,"0,00%"
10,37,0,0,0,"0,00%"
10,38,0,0,0,"0,00%"
10,39,0,0,0,"0,00%"
10,40,0,0,0,"0,00%"
10,41,0,0,0,"0,00%"
10,42,"0,000999","0,001006","0,9930417495","-0,70%"
10,43,0,0,0,"0,00%"
10,44,0,"0,000969",0,"0,00%"
10,45,0,0,0,"0,00%"
10,46,0,"0,001",0,"0,00%"
10,47,"0,001","0,000999","1,001001001","0,10%"
10,48,0,0,0,"0,00%"
10,49,0,"0,000999",0,"0,00%"
10,50,"0,002019","0,000999","2,021021021","50,52%"
10,51,0,"0,000998",0,"0,00%"
10,52,0,0,0,"0,00%"
10,53,0,0,0,"0,00%"
10,54,"0,000999","0,000999",1,"0,00%"
10,55,"0,001036","0,000999","1,037037037","3,57%"
11,1,0,0,0,"0,00%"
11,2,0,0,0,"0,00%"
11,3,0,0,0,"0,00%"
11,4,0,0,0,"0,00%"
11,5,"0,000999","0,000999",1,"0,00%"
11,6,0,0,0,"0,00%"
11,7,0,0,0,"0,00%"
11,8,0,0,0,"0,00%"
11,9,0,0,0,"0,00%"
11,10,"0,000999","0,001","0,999","-0,10%"
11,11,0,0,0,"0,00%"
11,12,0,0,0,"0,00%"
11,13,0,0,0,"0,00%"
11,14,0,0,0,"0,00%"
11,15,0,"0,001001",0,"0,00%"
11,16,0,0,0,"0,00%"
11,17,"0,001001",0,0,"100,00%"
11,18,0,0,0,"0,00%"
11,19,"0,000999",0,0,"100,00%"
11,20,0,"0,001005",0,"0,00%"
11,21,0,0,0,"0,00%"
11,22,0,0,0,"0,00%"
11,23,0,0,0,"0,00%"
11,24,0,0,0,"0,00%"
11,25,"0,000994","0,000999","0,994994995","-0,50%"
11,26,0,0,0,"0,00%"
11,27,0,"0,000999",0,"0,00%"
11,28,"0,000999",0,0,"100,00%"
11,29,"0,001023","0,000999","1,024024024","2,35%"
11,30,0,0,0,"0,00%"
11,31,0,"0,001",0,"0,00%"
11,32,"0,000999",0,0,"100,00%"
11,33,0,0,0,"0,00%"
11,34,0,0,0,"0,00%"
11,35,"0,000999",0,0,"100,00%"
11,36,"0,001022",0,0,"100,00%"
11,37,0,0,0,"0,00%"
11,38,"0,000977",0,0,"100,00%"
11,39,0,"0,001",0,"0,00%"
11,40,0,0,0,"0,00%"
11,41,"0,001","0,000999","1,001001001","0,10%"
11,42,0,0,0,"0,00%"
11,43,0,0,0,"0,00%"
11,44,"0,000999",0,0,"100,00%"
11,45,0,0,0,"0,00%"
11,46,"0,001",0,0,"100,00%"
11,47,"0,001022",0,0,"100,00%"
11,48,0,"0,000999",0,"0,00%"
11,49,"0,000976",0,0,"100,00%"
11,50,"0,000999","0,001","0,999","-0,10%"
11,51,0,0,0,"0,00%"
11,52,"0,001003","0,001","1,003","0,30%"
11,53,"0,001019",0,0,"100,00%"
11,54,"0,000978",0,0,"100,00%"
11,55,0,"0,000999",0,"0,00%"
12,1,"0,001",0,0,"100,00%"
12,2,0,"0,000999",0,"0,00%"
12,3,0,0,0,"0,00%"
12,4,0,0,0,"0,00%"
12,5,0,0,0,"0,00%"
12,6,"0,000999",0,0,"100,00%"
12,7,0,"0,000999",0,"0,00%"
12,8,0,0,0,"0,00%"
12,9,0,0,0,"0,00%"
12,10,0,"0,000999",0,"0,00%"
12,11,"0,000995",0,0,"100,00%"
12,12,0,0,0,"0,00%"
12,13,0,0,0,"0,00%"
12,14,0,0,0,"0,00%"
12,15,0,"0,000999",0,"0,00%"
12,16,"0,001001",0,0,"100,00%"
12,17,0,0,0,"0,00%"
12,18,0,0,0,"0,00%"
12,19,0,0,0,"0,00%"
12,20,0,"0,000999",0,"0,00%"
12,21,"0,001",0,0,"100,00%"
12,22,0,0,0,"0,00%"
12,23,0,0,0,"0,00%"
12,24,0,0,0,"0,00%"
12,25,0,"0,000999",0,"0,00%"
12,26,0,0,0,"0,00%"
12,27,0,0,0,"0,00%"
12,28,0,0,0,"0,00%"
12,29,0,"0,001",0,"0,00%"
12,30,0,0,0,"0,00%"
12,31,"0,000977","0,000999","0,977977978","-2,25%"
12,32,0,0,0,"0,00%"
12,33,"0,000999",0,0,"100,00%"
12,34,0,0,0,"0,00%"
12,35,"0,001",0,0,"100,00%"
12,36,0,0,0,"0,00%"
12,37,"0,000999",0,0,"100,00%"
12,38,0,"0,001002",0,"0,00%"
12,39,"0,000999",0,0,"100,00%"
12,40,0,"0,000998",0,"0,00%"
12,41,0,"0,000999",0,"0,00%"
12,42,"0,001004",0,0,"100,00%"
12,43,0,"0,000999",0,"0,00%"
12,44,"0,000999",0,0,"100,00%"
12,45,0,"0,000999",0,"0,00%"
12,46,0,0,0,"0,00%"
12,47,"0,001018",0,0,"100,00%"
12,48,0,"0,000966",0,"0,00%"
12,49,0,0,0,"0,00%"
12,50,"0,001977","0,000988","2,001012146","50,03%"
12,51,"0,000999",0,0,"100,00%"
12,52,0,0,0,"0,00%"
12,53,"0,001006","0,001001","1,004995005","0,50%"
12,54,"0,000997","0,000999","0,997997998","-0,20%"
12,55,"0,001023","0,000999","1,024024024","2,35%"
13,1,0,0,0,"0,00%"
13,2,"0,000976","0,000998","0,9779559118","-2,25%"
13,3,0,0,0,"0,00%"
13,4,0,"0,001001",0,"0,00%"
13,5,"0,001003",0,0,"100,00%"
13,6,0,0,0,"0,00%"
13,7,0,"0,000999",0,"0,00%"
13,8,0,0,0,"0,00%"
13,9,"0,001004",0,0,"100,00%"
13,10,0,0,0,"0,00%"
13,11,0,0,0,"0,00%"
13,12,0,"0,000999",0,"0,00%"
13,13,0,0,0,"0,00%"
13,14,0,0,0,"0,00%"
13,15,0,"0,000999",0,"0,00%"
13,16,0,0,0,"0,00%"
13,17,"0,000999",0,0,"100,00%"
13,18,0,0,0,"0,00%"
13,19,"0,000999",0,0,"100,00%"
13,20,0,0,0,"0,00%"
13,21,0,0,0,"0,00%"
13,22,0,"0,000999",0,"0,00%"
13,23,0,0,0,"0,00%"
13,24,"0,000999",0,0,"100,00%"
13,25,0,0,0,"0,00%"
13,26,"0,000998",0,0,"100,00%"
13,27,0,0,0,"0,00%"
13,28,"0,001",0,0,"100,00%"
13,29,0,0,0,"0,00%"
13,30,"0,000999",0,0,"100,00%"
13,31,0,0,0,"0,00%"
13,32,0,0,0,"0,00%"
13,33,0,0,0,"0,00%"
13,34,0,0,0,"0,00%"
13,35,"0,001016","0,000999","1,017017017","1,67%"
13,36,0,0,0,"0,00%"
13,37,0,"0,000999",0,"0,00%"
13,38,"0,001001",0,0,"100,00%"
13,39,"0,000998","0,001","0,998","-0,20%"
13,40,"0,001029",0,0,"100,00%"
13,41,"0,00097","0,000999","0,970970971","-2,99%"
13,42,"0,001021",0,0,"100,00%"
13,43,0,0,0,"0,00%"
13,44,"0,001002",0,0,"100,00%"
13,45,"0,001024",0,0,"100,00%"
13,46,"0,001009","0,000999","1,01001001","0,99%"
13,47,"0,000967",0,0,"100,00%"
13,48,"0,000999",0,0,"100,00%"
13,49,"0,000999",0,0,"100,00%"
13,50,"0,003016",0,0,"100,00%"
13,51,0,0,0,"0,00%"
13,52,0,"0,000975",0,"0,00%"
13,53,"0,000978","0,001","0,978","-2,25%"
13,54,"0,000999","0,000999",1,"0,00%"
13,55,0,0,0,"0,00%"
14,1,0,"0,001001",0,"0,00%"
14,2,0,0,0,"0,00%"
14,3,"0,000999",0,0,"100,00%"
14,4,0,"0,001007",0,"0,00%"
14,5,0,0,0,"0,00%"
14,6,0,0,0,"0,00%"
14,7,0,0,0,"0,00%"
14,8,"0,001002",0,0,"100,00%"
14,9,0,"0,001002",0,"0,00%"
14,10,0,0,0,"0,00%"
14,11,0,0,0,"0,00%"
14,12,0,"0,000979",0,"0,00%"
14,13,0,0,0,"0,00%"
14,14,0,0,0,"0,00%"
14,15,"0,001001",0,0,"100,00%"
14,16,0,0,0,"0,00%"
14,17,0,0,0,"0,00%"
14,18,0,0,0,"0,00%"
14,19,0,0,0,"0,00%"
14,20,0,0,0,"0,00%"
14,21,0,0,0,"0,00%"
14,22,0,0,0,"0,00%"
14,23,0,0,0,"0,00%"
14,24,0,0,0,"0,00%"
14,25,"0,000999","0,001003","0,9960119641","-0,40%"
14,26,0,0,0,"0,00%"
14,27,"0,000999","0,000999",1,"0,00%"
14,28,0,0,0,"0,00%"
14,29,"0,000999",0,0,"100,00%"
14,30,0,0,0,"0,00%"
14,31,"0,000999",0,0,"100,00%"
14,32,0,"0,000973",0,"0,00%"
14,33,0,0,0,"0,00%"
14,34,0,0,0,"0,00%"
14,35,"0,001002",0,0,"100,00%"
14,36,0,0,0,"0,00%"
14,37,"0,001",0,0,"100,00%"
14,38,0,0,0,"0,00%"
14,39,0,0,0,"0,00%"
14,40,"0,000999",0,0,"100,00%"
14,41,0,0,0,"0,00%"
14,42,0,"0,000997",0,"0,00%"
14,43,"0,001002",0,0,"100,00%"
14,44,0,0,0,"0,00%"
14,45,0,0,0,"0,00%"
14,46,"0,000985",0,0,"100,00%"
14,47,0,"0,000988",0,"0,00%"
14,48,0,0,0,"0,00%"
14,49,"0,000982","0,000978","1,00408998","0,41%"
14,50,"0,001019","0,001036","0,9835907336","-1,67%"
14,51,"0,000999",0,0,"100,00%"
14,52,0,"0,001002",0,"0,00%"
14,53,0,"0,001018",0,"0,00%"
14,54,"0,001",0,0,"100,00%"
14,55,"0,000999",0,0,"100,00%"
15,1,0,"0,001",0,"0,00%"
15,2,0,0,0,"0,00%"
15,3,0,0,0,"0,00%"
15,4,0,0,0,"0,00%"
15,5,0,0,0,"0,00%"
15,6,0,0,0,"0,00%"
15,7,0,0,0,"0,00%"
15,8,"0,000999",0,0,"100,00%"
15,9,0,0,0,"0,00%"
15,10,0,"0,001001",0,"0,00%"
15,11,0,0,0,"0,00%"
15,12,0,"0,000996",0,"0,00%"
15,13,0,0,0,"0,00%"
15,14,0,"0,001018",0,"0,00%"
15,15,0,0,0,"0,00%"
15,16,0,"0,000982",0,"0,00%"
15,17,"0,001019",0,0,"100,00%"
15,18,0,0,0,"0,00%"
15,19,0,0,0,"0,00%"
15,20,0,0,0,"0,00%"
15,21,0,0,0,"0,00%"
15,22,"0,000979",0,0,"100,00%"
15,23,0,0,0,"0,00%"
15,24,"0,000999","0,000999",1,"0,00%"
15,25,0,0,0,"0,00%"
15,26,0,0,0,"0,00%"
15,27,"0,001",0,0,"100,00%"
15,28,0,0,0,"0,00%"
15,29,0,0,0,"0,00%"
15,30,"0,001004",0,0,"100,00%"
15,31,"0,000999",0,0,"100,00%"
15,32,0,0,0,"0,00%"
15,33,"0,000999","0,000175","5,708571429","82,48%"
15,34,0,0,0,"0,00%"
15,35,0,"0,001001",0,"0,00%"
15,36,"0,001",0,0,"100,00%"
15,37,0,"0,000999",0,"0,00%"
15,38,0,0,0,"0,00%"
15,39,"0,001003",0,0,"100,00%"
15,40,"0,001024","0,001018","1,00589391","0,59%"
15,41,0,0,0,"0,00%"
15,42,"0,001004",0,0,"100,00%"
15,43,0,"0,000974",0,"0,00%"
15,44,0,0,0,"0,00%"
15,45,0,"0,000999",0,"0,00%"
15,46,0,0,0,"0,00%"
15,47,"0,000971","0,000999","0,971971972","-2,88%"
15,48,"0,001","0,001022","0,9784735812","-2,20%"
15,49,0,0,0,"0,00%"
15,50,"0,000999","0,000977","1,022517912","2,20%"
15,51,0,"0,000999",0,"0,00%"
15,52,"0,000999","0,000999",1,"0,00%"
15,53,"0,001036",0,0,"100,00%"
15,54,0,0,0,"0,00%"
15,55,0,0,0,"0,00%"
16,1,0,0,0,"0,00%"
16,2,0,0,0,"0,00%"
16,3,0,0,0,"0,00%"
16,4,0,"0,001",0,"0,00%"
16,5,0,0,0,"0,00%"
16,6,0,0,0,"0,00%"
16,7,0,0,0,"0,00%"
16,8,0,0,0,"0,00%"
16,9,"0,000999","0,000999",1,"0,00%"
16,10,0,0,0,"0,00%"
16,11,0,0,0,"0,00%"
16,12,"0,001012",0,0,"100,00%"
16,13,0,0,0,"0,00%"
16,14,0,0,0,"0,00%"
16,15,0,"0,000096",0,"0,00%"
16,16,0,0,0,"0,00%"
16,17,0,"0,001",0,"0,00%"
16,18,0,0,0,"0,00%"
16,19,0,0,0,"0,00%"
16,20,0,"0,000998",0,"0,00%"
16,21,"0,000994",0,0,"100,00%"
16,22,0,"0,001001",0,"0,00%"
16,23,0,0,0,"0,00%"
16,24,0,0,0,"0,00%"
16,25,0,0,0,"0,00%"
16,26,0,0,0,"0,00%"
16,27,0,"0,000998",0,"0,00%"
16,28,"0,000989",0,0,"100,00%"
16,29,0,"0,001",0,"0,00%"
16,30,"0,000999",0,0,"100,00%"
16,31,0,0,0,"0,00%"
16,32,0,0,0,"0,00%"
16,33,0,"0,001001",0,"0,00%"
16,34,"0,000977",0,0,"100,00%"
16,35,0,"0,000999",0,"0,00%"
16,36,0,0,0,"0,00%"
16,37,0,"0,001",0,"0,00%"
16,38,"0,000999",0,0,"100,00%"
16,39,0,"0,000999",0,"0,00%"
16,40,"0,000999",0,0,"100,00%"
16,41,0,0,0,"0,00%"
16,42,"0,001003",0,0,"100,00%"
16,43,0,0,0,"0,00%"
16,44,0,"0,000974",0,"0,00%"
16,45,0,0,0,"0,00%"
16,46,0,"0,000999",0,"0,00%"
16,47,"0,000999",0,0,"100,00%"
16,48,0,0,0,"0,00%"
16,49,"0,000999","0,000974","1,025667351","2,50%"
16,50,"0,001019","0,001018","1,000982318","0,10%"
16,51,"0,00098","0,000982","0,9979633401","-0,20%"
16,52,0,"0,001018",0,"0,00%"
16,53,"0,000998",0,0,"100,00%"
16,54,"0,001",0,0,"100,00%"
16,55,"0,000999",0,0,"100,00%"
17,1,0,0,0,"0,00%"
17,2,0,0,0,"0,00%"
17,3,0,0,0,"0,00%"
17,4,0,0,0,"0,00%"
17,5,0,0,0,"0,00%"
17,6,0,0,0,"0,00%"
17,7,0,0,0,"0,00%"
17,8,0,0,0,"0,00%"
17,9,0,0,0,"0,00%"
17,10,0,0,0,"0,00%"
17,11,"0,000999",0,0,"100,00%"
17,12,0,0,0,"0,00%"
17,13,0,0,0,"0,00%"
17,14,0,"0,001",0,"0,00%"
17,15,0,0,0,"0,00%"
17,16,0,0,0,"0,00%"
17,17,0,"0,000999",0,"0,00%"
17,18,0,0,0,"0,00%"
17,19,"0,001001",0,0,"100,00%"
17,20,0,0,0,"0,00%"
17,21,0,0,0,"0,00%"
17,22,"0,000999","0,001","0,999","-0,10%"
17,23,0,0,0,"0,00%"
17,24,0,0,0,"0,00%"
17,25,0,0,0,"0,00%"
17,26,"0,000999",0,0,"100,00%"
17,27,0,"0,000999",0,"0,00%"
17,28,"0,001",0,0,"100,00%"
17,29,0,"0,000998",0,"0,00%"
17,30,0,0,0,"0,00%"
17,31,0,0,0,"0,00%"
17,32,0,0,0,"0,00%"
17,33,0,"0,001005",0,"0,00%"
17,34,0,0,0,"0,00%"
17,35,0,"0,000997",0,"0,00%"
17,36,"0,000999",0,0,"100,00%"
17,37,0,"0,000998",0,"0,00%"
17,38,"0,000998",0,0,"100,00%"
17,39,0,0,0,"0,00%"
17,40,"0,000999","0,001075","0,9293023256","-7,61%"
17,41,0,0,0,"0,00%"
17,42,"0,001001","0,001024","0,9775390625","-2,30%"
17,43,"0,000999",0,0,"100,00%"
17,44,0,0,0,"0,00%"
17,45,"0,000998",0,0,"100,00%"
17,46,0,0,0,"0,00%"
17,47,"0,001002","0,000999","1,003003003","0,30%"
17,48,0,0,0,"0,00%"
17,49,0,0,0,"0,00%"
17,50,"0,000993","0,000979","1,014300306","1,41%"
17,51,"0,000999","0,001","0,999","-0,10%"
17,52,"0,001031","0,001025","1,005853659","0,58%"
17,53,0,0,0,"0,00%"
17,54,0,"0,000973",0,"0,00%"
17,55,"0,001003","0,000999","1,004004004","0,40%"
18,1,0,0,0,"0,00%"
18,2,0,0,0,"0,00%"
18,3,0,0,0,"0,00%"
18,4,0,0,0,"0,00%"
18,5,0,"0,000999",0,"0,00%"
18,6,0,0,0,"0,00%"
18,7,"0,000999",0,0,"100,00%"
18,8,0,0,0,"0,00%"
18,9,0,0,0,"0,00%"
18,10,0,"0,000999",0,"0,00%"
18,11,0,0,0,"0,00%"
18,12,0,0,0,"0,00%"
18,13,0,0,0,"0,00%"
18,14,0,0,0,"0,00%"
18,15,"0,001",0,0,"100,00%"
18,16,0,0,0,"0,00%"
18,17,"0,001017","0,000999","1,018018018","1,77%"
18,18,0,0,0,"0,00%"
18,19,"0,000981",0,0,"100,00%"
18,20,0,0,0,"0,00%"
18,21,0,0,0,"0,00%"
18,22,0,"0,001",0,"0,00%"
18,23,0,0,0,"0,00%"
18,24,"0,000996",0,0,"100,00%"
18,25,0,"0,000999",0,"0,00%"
18,26,0,0,0,"0,00%"
18,27,0,0,0,"0,00%"
18,28,0,0,0,"0,00%"
18,29,0,0,0,"0,00%"
18,30,0,0,0,"0,00%"
18,31,0,"0,000999",0,"0,00%"
18,32,0,0,0,"0,00%"
18,33,0,0,0,"0,00%"
18,34,0,0,0,"0,00%"
18,35,0,0,0,"0,00%"
18,36,0,"0,000998",0,"0,00%"
18,37,0,"0,001001",0,"0,00%"
18,38,0,0,0,"0,00%"
18,39,"0,001",0,0,"100,00%"
18,40,0,0,0,"0,00%"
18,41,"0,000999",0,0,"100,00%"
18,42,0,0,0,"0,00%"
18,43,0,"0,000999",0,"0,00%"
18,44,0,0,0,"0,00%"
18,45,0,"0,001057",0,"0,00%"
18,46,0,0,0,"0,00%"
18,47,0,"0,001009",0,"0,00%"
18,48,"0,000979","0,000991","0,9878910192","-1,23%"
18,49,0,0,0,"0,00%"
18,50,"0,001","0,000999","1,001001001","0,10%"
18,51,0,0,0,"0,00%"
18,52,"0,000977","0,000999","0,977977978","-2,25%"
18,53,"0,001022",0,0,"100,00%"
18,54,0,0,0,"0,00%"
18,55,0,"0,000984",0,"0,00%"
19,1,0,0,0,"0,00%"
19,2,0,0,0,"0,00%"
19,3,0,0,0,"0,00%"
19,4,"0,001","0,001001","0,999000999","-0,10%"
19,5,0,0,0,"0,00%"
19,6,0,0,0,"0,00%"
19,7,0,"0,000162",0,"0,00%"
19,8,0,0,0,"0,00%"
19,9,0,0,0,"0,00%"
19,10,0,"0,001001",0,"0,00%"
19,11,0,0,0,"0,00%"
19,12,"0,000999",0,0,"100,00%"
19,13,0,0,0,"0,00%"
19,14,0,0,0,"0,00%"
19,15,0,0,0,"0,00%"
19,16,0,0,0,"0,00%"
19,17,"0,000991",0,0,"100,00%"
19,18,0,"0,000998",0,"0,00%"
19,19,0,0,0,"0,00%"
19,20,0,0,0,"0,00%"
19,21,"0,001003",0,0,"100,00%"
19,22,0,0,0,"0,00%"
19,23,"0,001003",0,0,"100,00%"
19,24,0,0,0,"0,00%"
19,25,0,0,0,"0,00%"
19,26,0,0,0,"0,00%"
19,27,0,0,0,"0,00%"
19,28,"0,000999","0,000999",1,"0,00%"
19,29,0,0,0,"0,00%"
19,30,"0,000999",0,0,"100,00%"
19,31,0,0,0,"0,00%"
19,32,0,0,0,"0,00%"
19,33,0,0,0,"0,00%"
19,34,0,"0,000998",0,"0,00%"
19,35,"0,000999",0,0,"100,00%"
19,36,0,"0,001001",0,"0,00%"
19,37,"0,000999",0,0,"100,00%"
19,38,0,"0,000999",0,"0,00%"
19,39,0,0,0,"0,00%"
19,40,0,"0,000999",0,"0,00%"
19,41,"0,001001",0,0,"100,00%"
19,42,0,0,0,"0,00%"
19,43,"0,000999","0,000999",1,"0,00%"
19,44,0,0,0,"0,00%"
19,45,"0,000999","0,000999",1,"0,00%"
19,46,0,0,0,"0,00%"
19,47,"0,000999","0,000999",1,"0,00%"
19,48,0,"0,000999",0,"0,00%"
19,49,0,0,0,"0,00%"
19,50,"0,001042","0,000999","1,043043043","4,13%"
19,51,"0,000961",0,0,"100,00%"
19,52,"0,001018","0,001","1,018","1,77%"
19,53,0,0,0,"0,00%"
19,54,0,0,0,"0,00%"
19,55,0,0,0,"0,00%"
20,1,0,"0,000971",0,"0,00%"
20,2,0,0,0,"0,00%"
20,3,0,0,0,"0,00%"
20,4,0,0,0,"0,00%"
20,5,0,0,0,"0,00%"
20,6,0,0,0,"0,00%"
20,7,0,0,0,"0,00%"
20,8,0,0,0,"0,00%"
20,9,0,0,0,"0,00%"
20,10,0,0,0,"0,00%"
20,11,0,"0,000999",0,"0,00%"
20,12,"0,000999",0,0,"100,00%"
20,13,0,0,0,"0,00%"
20,14,"0,000999",0,0,"100,00%"
20,15,0,0,0,"0,00%"
20,16,0,0,0,"0,00%"
20,17,"0,000999",0,0,"100,00%"
20,18,0,0,0,"0,00%"
20,19,"0,000999",0,0,"100,00%"
20,20,0,0,0,"0,00%"
20,21,0,"0,001001",0,"0,00%"
20,22,"0,000999",0,0,"100,00%"
20,23,0,0,0,"0,00%"
20,24,0,0,0,"0,00%"
20,25,0,0,0,"0,00%"
20,26,0,0,0,"0,00%"
20,27,0,0,0,"0,00%"
20,28,0,0,0,"0,00%"
20,29,0,0,0,"0,00%"
20,30,"0,000975",0,0,"100,00%"
20,31,0,0,0,"0,00%"
20,32,"0,000999",0,0,"100,00%"
20,33,0,0,0,"0,00%"
20,34,0,0,0,"0,00%"
20,35,0,0,0,"0,00%"
20,36,0,0,0,"0,00%"
20,37,0,0,0,"0,00%"
20,38,0,"0,001",0,"0,00%"
20,39,0,0,0,"0,00%"
20,40,0,"0,001",0,"0,00%"
20,41,0,0,0,"0,00%"
20,42,"0,000976",0,0,"100,00%"
20,43,0,"0,001001",0,"0,00%"
20,44,"0,000999",0,0,"100,00%"
20,45,0,"0,000999",0,"0,00%"
20,46,"0,000999",0,0,"100,00%"
20,47,0,0,0,"0,00%"
20,48,0,"0,000999",0,"0,00%"
20,49,0,0,0,"0,00%"
20,50,"0,000999","0,000999",1,"0,00%"
20,51,0,0,0,"0,00%"
20,52,"0,000999","0,001001","0,998001998","-0,20%"
20,53,0,"0,000999",0,"0,00%"
20,54,"0,000999",0,0,"100,00%"
20,55,"0,000999",0,0,"100,00%"
21,1,0,0,0,"0,00%"
21,2,0,0,0,"0,00%"
21,3,0,0,0,"0,00%"
21,4,0,"0,001001",0,"0,00%"
21,5,"0,000999",0,0,"100,00%"
21,6,0,0,0,"0,00%"
21,7,0,0,0,"0,00%"
21,8,0,0,0,"0,00%"
21,9,0,0,0,"0,00%"
21,10,"0,000975",0,0,"100,00%"
21,11,0,0,0,"0,00%"
21,12,0,0,0,"0,00%"
21,13,"0,000999",0,0,"100,00%"
21,14,0,0,0,"0,00%"
21,15,0,"0,001003",0,"0,00%"
21,16,0,0,0,"0,00%"
21,17,0,0,0,"0,00%"
21,18,0,0,0,"0,00%"
21,19,0,0,0,"0,00%"
21,20,0,"0,001002",0,"0,00%"
21,21,0,0,0,"0,00%"
21,22,0,0,0,"0,00%"
21,23,0,0,0,"0,00%"
21,24,0,0,0,"0,00%"
21,25,0,"0,001001",0,"0,00%"
21,26,0,0,0,"0,00%"
21,27,0,"0,000999",0,"0,00%"
21,28,0,0,0,"0,00%"
21,29,0,"0,000999",0,"0,00%"
21,30,0,0,0,"0,00%"
21,31,"0,000985","0,000999","0,985985986","-1,42%"
21,32,0,0,0,"0,00%"
21,33,0,0,0,"0,00%"
21,34,0,0,0,"0,00%"
21,35,0,0,0,"0,00%"
21,36,0,"0,001004",0,"0,00%"
21,37,0,0,0,"0,00%"
21,38,0,"0,000995",0,"0,00%"
21,39,0,0,0,"0,00%"
21,40,"0,001001","0,001","1,001","0,10%"
21,41,0,0,0,"0,00%"
21,42,0,0,0,"0,00%"
21,43,0,"0,001",0,"0,00%"
21,44,0,0,0,"0,00%"
21,45,0,"0,000999",0,"0,00%"
21,46,0,0,0,"0,00%"
21,47,"0,001029","0,001","1,029","2,82%"
21,48,0,0,0,"0,00%"
21,49,"0,00097",0,0,"100,00%"
21,50,"0,001017","0,000972","1,046296296","4,42%"
21,51,0,0,0,"0,00%"
21,52,0,"0,001001",0,"0,00%"
21,53,"0,000977",0,0,"100,00%"
21,54,0,"0,000998",0,"0,00%"
21,55,0,"0,001",0,"0,00%"
22,1,0,0,0,"0,00%"
22,2,0,0,0,"0,00%"
22,3,0,0,0,"0,00%"
22,4,0,0,0,"0,00%"
22,5,0,"0,000999",0,"0,00%"
22,6,"0,001001",0,0,"100,00%"
22,7,0,0,0,"0,00%"
22,8,0,"0,001",0,"0,00%"
22,9,"0,000998",0,0,"100,00%"
22,10,0,0,0,"0,00%"
22,11,0,0,0,"0,00%"
22,12,"0,001001",0,0,"100,00%"
22,13,0,0,0,"0,00%"
22,14,0,0,0,"0,00%"
22,15,"0,000999",0,0,"100,00%"
22,16,0,0,0,"0,00%"
22,17,0,0,0,"0,00%"
22,18,0,"0,000999",0,"0,00%"
22,19,0,0,0,"0,00%"
22,20,0,0,0,"0,00%"
22,21,0,"0,001",0,"0,00%"
22,22,0,0,0,"0,00%"
22,23,"0,000999",0,0,"100,00%"
22,24,0,0,0,"0,00%"
22,25,0,0,0,"0,00%"
22,26,"0,000998","0,001001","0,997002997","-0,30%"
22,27,0,0,0,"0,00%"
22,28,"0,001","0,000999","1,001001001","0,10%"
22,29,0,0,0,"0,00%"
22,30,"0,000999","0,000999",1,"0,00%"
22,31,0,0,0,"0,00%"
22,32,0,"0,001",0,"0,00%"
22,33,0,0,0,"0,00%"
22,34,0,0,0,"0,00%"
22,35,"0,000999",0,0,"100,00%"
22,36,0,0,0,"0,00%"
22,37,"0,000999",0,0,"100,00%"
22,38,0,0,0,"0,00%"
22,39,0,0,0,"0,00%"
22,40,0,0,0,"0,00%"
22,41,0,0,0,"0,00%"
22,42,"0,001003","0,000977","1,026612078","2,59%"
22,43,0,0,0,"0,00%"
22,44,0,0,0,"0,00%"
22,45,0,0,0,"0,00%"
22,46,0,"0,000999",0,"0,00%"
22,47,"0,001025",0,0,"100,00%"
22,48,0,"0,000999",0,"0,00%"
22,49,"0,000975",0,0,"100,00%"
22,50,"0,001018","0,000999","1,019019019","1,87%"
22,51,"0,000979",0,0,"100,00%"
22,52,0,"0,00098",0,"0,00%"
22,53,0,0,0,"0,00%"
22,54,"0,000999","0,000999",1,"0,00%"
22,55,"0,001042","0,001007","1,034756703","3,36%"
23,1,0,0,0,"0,00%"
23,2,0,0,0,"0,00%"
23,3,0,0,0,"0,00%"
23,4,0,0,0,"0,00%"
23,5,0,0,0,"0,00%"
23,6,0,0,0,"0,00%"
23,7,0,0,0,"0,00%"
23,8,0,0,0,"0,00%"
23,9,0,0,0,"0,00%"
23,10,0,0,0,"0,00%"
23,11,0,"0,000999",0,"0,00%"
23,12,0,0,0,"0,00%"
23,13,"0,000998",0,0,"100,00%"
23,14,0,"0,000999",0,"0,00%"
23,15,0,0,0,"0,00%"
23,16,0,0,0,"0,00%"
23,17,0,"0,000999",0,"0,00%"
23,18,"0,000981",0,0,"100,00%"
23,19,0,"0,000999",0,"0,00%"
23,20,0,0,0,"0,00%"
23,21,0,0,0,"0,00%"
23,22,0,"0,000999",0,"0,00%"
23,23,"0,000999",0,0,"100,00%"
23,24,0,0,0,"0,00%"
23,25,0,"0,000999",0,"0,00%"
23,26,0,0,0,"0,00%"
23,27,0,"0,000999",0,"0,00%"
23,28,0,0,0,"0,00%"
23,29,0,"0,000999",0,"0,00%"
23,30,0,0,0,"0,00%"
23,31,0,"0,000999",0,"0,00%"
23,32,0,0,0,"0,00%"
23,33,0,0,0,"0,00%"
23,34,0,0,0,"0,00%"
23,35,0,0,0,"0,00%"
23,36,"0,001001","0,000998","1,003006012","0,30%"
23,37,0,0,0,"0,00%"
23,38,0,"0,000999",0,"0,00%"
23,39,0,0,0,"0,00%"
23,40,0,0,0,"0,00%"
23,41,"0,001003",0,0,"100,00%"
23,42,0,0,0,"0,00%"
23,43,"0,001",0,0,"100,00%"
23,44,0,0,0,"0,00%"
23,45,0,0,0,"0,00%"
23,46,0,0,0,"0,00%"
23,47,0,0,0,"0,00%"
23,48,"0,001","0,001001","0,999000999","-0,10%"
23,49,0,0,0,"0,00%"
23,50,"0,001028","0,000999","1,029029029","2,82%"
23,51,0,"0,001",0,"0,00%"
23,52,"0,000974",0,0,"100,00%"
23,53,0,0,0,"0,00%"
23,54,0,"0,000999",0,"0,00%"
23,55,0,0,0,"0,00%"
24,1,"0,000994",0,0,"100,00%"
24,2,0,0,0,"0,00%"
24,3,0,0,0,"0,00%"
24,4,"0,000999",0,0,"100,00%"
24,5,0,0,0,"0,00%"
24,6,0,"0,000999",0,"0,00%"
24,7,0,0,0,"0,00%"
24,8,0,0,0,"0,00%"
24,9,0,0,0,"0,00%"
24,10,0,0,0,"0,00%"
24,11,0,0,0,"0,00%"
24,12,"0,000999",0,0,"100,00%"
24,13,0,0,0,"0,00%"
24,14,0,0,0,"0,00%"
24,15,"0,000999",0,0,"100,00%"
24,16,0,0,0,"0,00%"
24,17,0,"0,000999",0,"0,00%"
24,18,0,0,0,"0,00%"
24,19,0,0,0,"0,00%"
24,20,0,"0,000998",0,"0,00%"
24,21,0,0,0,"0,00%"
24,22,0,0,0,"0,00%"
24,23,0,0,0,"0,00%"
24,24,0,0,0,"0,00%"
24,25,0,0,0,"0,00%"
24,26,0,0,0,"0,00%"
24,27,0,0,0,"0,00%"
24,28,"0,001001",0,0,"100,00%"
24,29,0,0,0,"0,00%"
24,30,0,0,0,"0,00%"
24,31,0,0,0,"0,00%"
24,32,0,0,0,"0,00%"
24,33,0,0,0,"0,00%"
24,34,"0,001","0,000975","1,025641026","2,50%"
24,35,0,0,0,"0,00%"
24,36,0,"0,000999",0,"0,00%"
24,37,0,0,0,"0,00%"
24,38,0,"0,000999",0,"0,00%"
24,39,0,0,0,"0,00%"
24,40,0,"0,000999",0,"0,00%"
24,41,0,0,0,"0,00%"
24,42,"0,000998",0,0,"100,00%"
24,43,0,0,0,"0,00%"
24,44,0,0,0,"0,00%"
24,45,0,"0,001",0,"0,00%"
24,46,"0,001002",0,0,"100,00%"
24,47,"0,001014","0,000999","1,015015015","1,48%"
24,48,0,0,0,"0,00%"
24,49,"0,00098",0,0,"100,00%"
24,50,"0,00102","0,001023","0,9970674487","-0,29%"
24,51,0,0,0,"0,00%"
24,52,0,0,0,"0,00%"
24,53,"0,000976",0,0,"100,00%"
24,54,0,"0,001003",0,"0,00%"
24,55,0,"0,001033",0,"0,00%"
25,1,0,0,0,"0,00%"
25,2,0,0,0,"0,00%"
25,3,0,"0,001003",0,"0,00%"
25,4,0,0,0,"0,00%"
25,5,0,0,0,"0,00%"
25,6,0,"0,000999",0,"0,00%"
25,7,0,0,0,"0,00%"
25,8,0,0,0,"0,00%"
25,9,0,0,0,"0,00%"
25,10,"0,000999",0,0,"100,00%"
25,11,0,0,0,"0,00%"
25,12,0,0,0,"0,00%"
25,13,0,0,0,"0,00%"
25,14,0,0,0,"0,00%"
25,15,0,0,0,"0,00%"
25,16,0,0,0,"0,00%"
25,17,0,"0,000999",0,"0,00%"
25,18,0,0,0,"0,00%"
25,19,0,0,0,"0,00%"
25,20,0,0,0,"0,00%"
25,21,0,0,0,"0,00%"
25,22,"0,000998","0,001","0,998","-0,20%"
25,23,0,0,0,"0,00%"
25,24,0,0,0,"0,00%"
25,25,"0,001","0,000999","1,001001001","0,10%"
25,26,0,0,0,"0,00%"
25,27,"0,000998","0,000999","0,998998999","-0,10%"
25,28,0,0,0,"0,00%"
25,29,0,0,0,"0,00%"
25,30,0,0,0,"0,00%"
25,31,0,0,0,"0,00%"
25,32,0,0,0,"0,00%"
25,33,0,0,0,"0,00%"
25,34,"0,001",0,0,"100,00%"
25,35,0,"0,000999",0,"0,00%"
25,36,"0,000999",0,0,"100,00%"
25,37,0,"0,001001",0,"0,00%"
25,38,"0,001",0,0,"100,00%"
25,39,0,0,0,"0,00%"
25,40,"0,000999",0,0,"100,00%"
25,41,0,"0,001",0,"0,00%"
25,42,"0,000999",0,0,"100,00%"
25,43,0,0,0,"0,00%"
25,44,0,0,0,"0,00%"
25,45,0,0,0,"0,00%"
25,46,"0,001003",0,0,"100,00%"
25,47,0,"0,001024",0,"0,00%"
25,48,"0,000999",0,0,"100,00%"
25,49,0,"0,000978",0,"0,00%"
25,50,"0,00102","0,002021","0,5047006432","-98,14%"
25,51,0,0,0,"0,00%"
25,52,0,0,0,"0,00%"
25,53,"0,001003","0,000999","1,004004004","0,40%"
25,54,0,0,0,"0,00%"
25,55,0,0,0,"0,00%"
26,1,0,0,0,"0,00%"
26,2,0,0,0,"0,00%"
26,3,0,0,0,"0,00%"
26,4,0,"0,000999",0,"0,00%"
26,5,0,0,0,"0,00%"
26,6,0,0,0,"0,00%"
26,7,"0,000999",0,0,"100,00%"
26,8,0,0,0,"0,00%"
26,9,0,0,0,"0,00%"
26,10,0,0,0,"0,00%"
26,11,0,0,0,"0,00%"
26,12,0,0,0,"0,00%"
26,13,"0,000999",0,0,"100,00%"
26,14,"0,001",0,0,"100,00%"
26,15,0,"0,001",0,"0,00%"
26,16,0,0,0,"0,00%"
26,17,0,0,0,"0,00%"
26,18,0,0,0,"0,00%"
26,19,"0,001",0,0,"100,00%"
26,20,0,0,0,"0,00%"
26,21,0,0,0,"0,00%"
26,22,"0,000999",0,0,"100,00%"
26,23,0,"0,001",0,"0,00%"
26,24,0,0,0,"0,00%"
26,25,0,0,0,"0,00%"
26,26,0,0,0,"0,00%"
26,27,"0,001",0,0,"100,00%"
26,28,0,0,0,"0,00%"
26,29,"0,001008",0,0,"100,00%"
26,30,0,0,0,"0,00%"
26,31,0,0,0,"0,00%"
26,32,0,0,0,"0,00%"
26,33,"0,001",0,0,"100,00%"
26,34,0,0,0,"0,00%"
26,35,"0,001",0,0,"100,00%"
26,36,0,0,0,"0,00%"
26,37,"0,001002","0,001001","1,000999001","0,10%"
26,38,0,0,0,"0,00%"
26,39,"0,000997","0,000177","5,632768362","82,25%"
26,40,0,0,0,"0,00%"
26,41,"0,000999","0,001","0,999","-0,10%"
26,42,0,0,0,"0,00%"
26,43,0,0,0,"0,00%"
26,44,0,0,0,"0,00%"
26,45,"0,000999",0,0,"100,00%"
26,46,0,0,0,"0,00%"
26,47,"0,001001",0,0,"100,00%"
26,48,0,"0,001001",0,"0,00%"
26,49,0,0,0,"0,00%"
26,50,"0,001025","0,000999","1,026026026","2,54%"
26,51,"0,00096",0,0,"100,00%"
26,52,0,"0,000975",0,"0,00%"
26,53,0,0,0,"0,00%"
26,54,"0,001","0,000999","1,001001001","0,10%"
26,55,"0,000999","0,001172","0,8523890785","-17,32%"
27,1,0,0,0,"0,00%"
27,2,"0,000999",0,0,"100,00%"
27,3,0,0,0,"0,00%"
27,4,"0,001001",0,0,"100,00%"
27,5,0,"0,000999",0,"0,00%"
27,6,0,0,0,"0,00%"
27,7,"0,000999",0,0,"100,00%"
27,8,0,"0,000999",0,"0,00%"
27,9,0,0,0,"0,00%"
27,10,"0,001",0,0,"100,00%"
27,11,0,0,0,"0,00%"
27,12,0,0,0,"0,00%"
27,13,"0,00098",0,0,"100,00%"
27,14,0,0,0,"0,00%"
27,15,"0,001",0,0,"100,00%"
27,16,0,0,0,"0,00%"
27,17,"0,000999",0,0,"100,00%"
27,18,"0,00102",0,0,"100,00%"
27,19,0,0,0,"0,00%"
27,20,"0,000979",0,0,"100,00%"
27,21,0,0,0,"0,00%"
27,22,"0,000998",0,0,"100,00%"
27,23,0,0,0,"0,00%"
27,24,0,"0,000999",0,"0,00%"
27,25,0,0,0,"0,00%"
27,26,"0,000998",0,0,"100,00%"
27,27,0,"0,000097",0,"0,00%"
27,28,"0,001",0,0,"100,00%"
27,29,0,0,0,"0,00%"
27,30,"0,000999",0,0,"100,00%"
27,31,0,0,0,"0,00%"
27,32,0,0,0,"0,00%"
27,33,"0,000999","0,001","0,999","-0,10%"
27,34,"0,000998",0,0,"100,00%"
27,35,0,0,0,"0,00%"
27,36,0,0,0,"0,00%"
27,37,0,0,0,"0,00%"
27,38,"0,000999",0,0,"100,00%"
27,39,"0,001",0,0,"100,00%"
27,40,"0,000999",0,0,"100,00%"
27,41,"0,000999",0,0,"100,00%"
27,42,"0,001",0,0,"100,00%"
27,43,"0,000999","0,000974","1,025667351","2,50%"
27,44,"0,001",0,0,"100,00%"
27,45,"0,001024","0,000998","1,026052104","2,54%"
27,46,0,0,0,"0,00%"
27,47,0,"0,001",0,"0,00%"
27,48,0,0,0,"0,00%"
27,49,"0,000977",0,0,"100,00%"
27,50,"0,001","0,001028","0,9727626459","-2,80%"
27,51,"0,000998","0,000971","1,027806385","2,71%"
27,52,0,0,0,"0,00%"
27,53,0,0,0,"0,00%"
27,54,"0,000998","0,000999","0,998998999","-0,10%"
27,55,"0,000999",0,0,"100,00%"
28,1,0,0,0,"0,00%"
28,2,"0,001",0,0,"100,00%"
28,3,0,"0,000981",0,"0,00%"
28,4,0,0,0,"0,00%"
28,5,0,0,0,"0,00%"
28,6,0,"0,000999",0,"0,00%"
28,7,0,0,0,"0,00%"
28,8,0,0,0,"0,00%"
28,9,0,0,0,"0,00%"
28,10,0,0,0,"0,00%"
28,11,0,0,0,"0,00%"
28,12,0,0,0,"0,00%"
28,13,0,0,0,"0,00%"
28,14,0,0,0,"0,00%"
28,15,0,0,0,"0,00%"
28,16,0,0,0,"0,00%"
28,17,0,"0,000999",0,"0,00%"
28,18,0,0,0,"0,00%"
28,19,0,0,0,"0,00%"
28,20,0,0,0,"0,00%"
28,21,"0,000993",0,0,"100,00%"
28,22,0,0,0,"0,00%"
28,23,0,0,0,"0,00%"
28,24,"0,001",0,0,"100,00%"
28,25,0,0,0,"0,00%"
28,26,"0,000999",0,0,"100,00%"
28,27,0,0,0,"0,00%"
28,28,"0,001",0,0,"100,00%"
28,29,0,0,0,"0,00%"
28,30,"0,000999",0,0,"100,00%"
28,31,0,0,0,"0,00%"
28,32,"0,000999",0,0,"100,00%"
28,33,0,"0,000999",0,"0,00%"
28,34,0,0,0,"0,00%"
28,35,0,"0,000999",0,"0,00%"
28,36,"0,000999",0,0,"100,00%"
28,37,0,"0,000999",0,"0,00%"
28,38,"0,001",0,0,"100,00%"
28,39,0,0,0,"0,00%"
28,40,"0,000999",0,0,"100,00%"
28,41,"0,001018",0,0,"100,00%"
28,42,0,0,0,"0,00%"
28,43,0,"0,000988",0,"0,00%"
28,44,0,0,0,"0,00%"
28,45,0,"0,001001",0,"0,00%"
28,46,0,0,0,"0,00%"
28,47,"0,001002","0,000999","1,003003003","0,30%"
28,48,0,0,0,"0,00%"
28,49,0,0,0,"0,00%"
28,50,"0,001015","0,001019","0,9960745829","-0,39%"
28,51,"0,000964","0,000981","0,9826707441","-1,76%"
28,52,"0,000999",0,0,"100,00%"
28,53,"0,000999",0,0,"100,00%"
28,54,"0,000999","0,001001","0,998001998","-0,20%"
28,55,0,"0,000999",0,"0,00%"
29,1,"0,000975",0,0,"100,00%"
29,2,0,0,0,"0,00%"
29,3,0,0,0,"0,00%"
29,4,0,0,0,"0,00%"
29,5,0,"0,001",0,"0,00%"
29,6,0,0,0,"0,00%"
29,7,0,0,0,"0,00%"
29,8,0,"0,000999",0,"0,00%"
29,9,"0,000999",0,0,"100,00%"
29,10,0,0,0,"0,00%"
29,11,0,"0,000999",0,"0,00%"
29,12,"0,000999",0,0,"100,00%"
29,13,0,0,0,"0,00%"
29,14,0,0,0,"0,00%"
29,15,0,0,0,"0,00%"
29,16,0,0,0,"0,00%"
29,17,"0,001001",0,0,"100,00%"
29,18,0,0,0,"0,00%"
29,19,0,0,0,"0,00%"
29,20,"0,001001",0,0,"100,00%"
29,21,0,0,0,"0,00%"
29,22,0,"0,000999",0,"0,00%"
29,23,0,0,0,"0,00%"
29,24,0,0,0,"0,00%"
29,25,"0,000999",0,0,"100,00%"
29,26,0,0,0,"0,00%"
29,27,0,"0,001001",0,"0,00%"
29,28,"0,001007",0,0,"100,00%"
29,29,0,0,0,"0,00%"
29,30,"0,000992",0,0,"100,00%"
29,31,0,0,0,"0,00%"
29,32,"0,000999",0,0,"100,00%"
29,33,0,"0,001",0,"0,00%"
29,34,0,0,0,"0,00%"
29,35,0,"0,000999",0,"0,00%"
29,36,0,0,0,"0,00%"
29,37,"0,001",0,0,"100,00%"
29,38,0,0,0,"0,00%"
29,39,"0,000999",0,0,"100,00%"
29,40,0,0,0,"0,00%"
29,41,"0,000999","0,001004","0,9950199203","-0,50%"
29,42,0,0,0,"0,00%"
29,43,0,"0,000999",0,"0,00%"
29,44,0,0,0,"0,00%"
29,45,"0,001001",0,0,"100,00%"
29,46,0,0,0,"0,00%"
29,47,"0,000999",0,0,"100,00%"
29,48,0,"0,00098",0,"0,00%"
29,49,"0,000999",0,0,"100,00%"
29,50,"0,001024","0,000999","1,025025025","2,44%"
29,51,"0,000982","0,000999","0,982982983","-1,73%"
29,52,0,0,0,"0,00%"
29,53,"0,000993",0,0,"100,00%"
29,54,"0,001019","0,000979","1,040858018","3,93%"
29,55,0,"0,000999",0,"0,00%"
30,1,"0,00098",0,0,"100,00%"
30,2,0,0,0,"0,00%"
30,3,0,0,0,"0,00%"
30,4,0,"0,001",0,"0,00%"
30,5,0,0,0,"0,00%"
30,6,0,0,0,"0,00%"
30,7,0,0,0,"0,00%"
30,8,0,"0,000998",0,"0,00%"
30,9,"0,000999",0,0,"100,00%"
30,10,0,0,0,"0,00%"
30,11,0,"0,000999",0,"0,00%"
30,12,"0,000999",0,0,"100,00%"
30,13,0,0,0,"0,00%"
30,14,0,0,0,"0,00%"
30,15,"0,000999",0,0,"100,00%"
30,16,0,0,0,"0,00%"
30,17,0,0,0,"0,00%"
30,18,0,0,0,"0,00%"
30,19,0,"0,000998",0,"0,00%"
30,20,0,0,0,"0,00%"
30,21,0,0,0,"0,00%"
30,22,0,"0,000999",0,"0,00%"
30,23,0,0,0,"0,00%"
30,24,0,0,0,"0,00%"
30,25,0,0,0,"0,00%"
30,26,0,0,0,"0,00%"
30,27,"0,001004","0,001","1,004","0,40%"
30,28,0,0,0,"0,00%"
30,29,"0,000999","0,000999",1,"0,00%"
30,30,0,0,0,"0,00%"
30,31,0,0,0,"0,00%"
30,32,0,0,0,"0,00%"
30,33,0,0,0,"0,00%"
30,34,0,0,0,"0,00%"
30,35,0,0,0,"0,00%"
30,36,0,0,0,"0,00%"
30,37,0,0,0,"0,00%"
30,38,0,"0,001001",0,"0,00%"
30,39,0,0,0,"0,00%"
30,40,0,"0,000999",0,"0,00%"
30,41,0,0,0,"0,00%"
30,42,"0,001025","0,000999","1,026026026","2,54%"
30,43,0,0,0,"0,00%"
30,44,0,0,0,"0,00%"
30,45,"0,001021",0,0,"100,00%"
30,46,0,"0,001001",0,"0,00%"
30,47,0,0,0,"0,00%"
30,48,"0,001003",0,0,"100,00%"
30,49,0,0,0,"0,00%"
30,50,"0,000999",0,0,"100,00%"
30,51,0,0,0,"0,00%"
30,52,"0,000999",0,0,"100,00%"
30,53,0,"0,000999",0,"0,00%"
30,54,"0,001",0,0,"100,00%"
30,55,"0,000999","0,000999",1,"0,00%"
31,1,0,0,0,"0,00%"
31,2,0,"0,000999",0,"0,00%"
31,3,"0,000998",0,0,"100,00%"
31,4,0,0,0,"0,00%"
31,5,0,0,0,"0,00%"
31,6,"0,001001",0,0,"100,00%"
31,7,0,0,0,"0,00%"
31,8,0,0,0,"0,00%"
31,9,0,0,0,"0,00%"
31,10,0,0,0,"0,00%"
31,11,0,0,0,"0,00%"
31,12,0,0,0,"0,00%"
31,13,0,0,0,"0,00%"
31,14,0,0,0,"0,00%"
31,15,0,0,0,"0,00%"
31,16,0,0,0,"0,00%"
31,17,"0,000999",0,0,"100,00%"
31,18,0,0,0,"0,00%"
31,19,0,"0,001",0,"0,00%"
31,20,0,0,0,"0,00%"
31,21,0,0,0,"0,00%"
31,22,"0,001",0,0,"100,00%"
31,23,0,0,0,"0,00%"
31,24,0,0,0,"0,00%"
31,25,"0,000999",0,0,"100,00%"
31,26,0,"0,000998",0,"0,00%"
31,27,"0,000999",0,0,"100,00%"
31,28,0,"0,000999",0,"0,00%"
31,29,"0,000999",0,0,"100,00%"
31,30,0,"0,000999",0,"0,00%"
31,31,"0,000999",0,0,"100,00%"
31,32,0,0,0,"0,00%"
31,33,0,0,0,"0,00%"
31,34,0,"0,000972",0,"0,00%"
31,35,0,0,0,"0,00%"
31,36,0,"0,000999",0,"0,00%"
31,37,0,0,0,"0,00%"
31,38,0,"0,000999",0,"0,00%"
31,39,0,0,0,"0,00%"
31,40,0,"0,000999",0,"0,00%"
31,41,"0,000977",0,0,"100,00%"
31,42,0,0,0,"0,00%"
31,43,"0,000997","0,000973","1,024665982","2,41%"
31,44,0,0,0,"0,00%"
31,45,"0,001","0,000998","1,002004008","0,20%"
31,46,0,0,0,"0,00%"
31,47,"0,000999","0,000999",1,"0,00%"
31,48,0,0,0,"0,00%"
31,49,"0,001","0,000999","1,001001001","0,10%"
31,50,"0,00103","0,001","1,03","2,91%"
31,51,0,0,0,"0,00%"
31,52,0,0,0,"0,00%"
31,53,"0,000999","0,000999",1,"0,00%"
31,54,0,0,0,"0,00%"
31,55,0,0,0,"0,00%"
32,1,0,0,0,"0,00%"
32,2,0,"0,001",0,"0,00%"
32,3,0,0,0,"0,00%"
32,4,0,0,0,"0,00%"
32,5,0,"0,000999",0,"0,00%"
32,6,0,0,0,"0,00%"
32,7,0,0,0,"0,00%"
32,8,0,0,0,"0,00%"
32,9,0,0,0,"0,00%"
32,10,0,0,0,"0,00%"
32,11,0,0,0,"0,00%"
32,12,0,0,0,"0,00%"
32,13,"0,000999",0,0,"100,00%"
32,14,0,0,0,"0,00%"
32,15,0,0,0,"0,00%"
32,16,0,0,0,"0,00%"
32,17,0,0,0,"0,00%"
32,18,"0,000999",0,0,"100,00%"
32,19,0,0,0,"0,00%"
32,20,"0,001001",0,0,"100,00%"
32,21,0,0,0,"0,00%"
32,22,0,0,0,"0,00%"
32,23,0,0,0,"0,00%"
32,24,0,0,0,"0,00%"
32,25,0,0,0,"0,00%"
32,26,0,0,0,"0,00%"
32,27,0,"0,000999",0,"0,00%"
32,28,0,0,0,"0,00%"
32,29,0,"0,001024",0,"0,00%"
32,30,0,0,0,"0,00%"
32,31,0,0,0,"0,00%"
32,32,0,0,0,"0,00%"
32,33,0,0,0,"0,00%"
32,34,0,"0,00098",0,"0,00%"
32,35,0,0,0,"0,00%"
32,36,0,0,0,"0,00%"
32,37,0,0,0,"0,00%"
32,38,0,0,0,"0,00%"
32,39,0,"0,000978",0,"0,00%"
32,40,0,0,0,"0,00%"
32,41,0,"0,001001",0,"0,00%"
32,42,"0,000954",0,0,"100,00%"
32,43,0,0,0,"0,00%"
32,44,"0,000999",0,0,"100,00%"
32,45,0,0,0,"0,00%"
32,46,"0,000999",0,0,"100,00%"
32,47,0,"0,001",0,"0,00%"
32,48,0,"0,000999",0,"0,00%"
32,49,0,0,0,"0,00%"
32,50,"0,001011","0,001113","0,9083557951","-10,09%"
32,51,0,"0,001",0,"0,00%"
32,52,0,0,0,"0,00%"
32,53,"0,001024",0,0,"100,00%"
32,54,0,"0,000998",0,"0,00%"
32,55,0,0,0,"0,00%"
33,1,0,0,0,"0,00%"
33,2,0,0,0,"0,00%"
33,3,0,0,0,"0,00%"
33,4,"0,000998",0,0,"100,00%"
33,5,0,0,0,"0,00%"
33,6,0,0,0,"0,00%"
33,7,"0,001",0,0,"100,00%"
33,8,0,0,0,"0,00%"
33,9,0,0,0,"0,00%"
33,10,"0,000999",0,0,"100,00%"
33,11,0,0,0,"0,00%"
33,12,0,0,0,"0,00%"
33,13,"0,001",0,0,"100,00%"
33,14,0,0,0,"0,00%"
33,15,0,0,0,"0,00%"
33,16,"0,000999",0,0,"100,00%"
33,17,0,0,0,"0,00%"
33,18,0,"0,000999",0,"0,00%"
33,19,0,0,0,"0,00%"
33,20,0,0,0,"0,00%"
33,21,0,"0,000999",0,"0,00%"
33,22,0,0,0,"0,00%"
33,23,"0,001",0,0,"100,00%"
33,24,0,0,0,"0,00%"
33,25,0,0,0,"0,00%"
33,26,0,0,0,"0,00%"
33,27,0,0,0,"0,00%"
33,28,0,0,0,"0,00%"
33,29,0,0,0,"0,00%"
33,30,0,0,0,"0,00%"
33,31,0,"0,001001",0,"0,00%"
33,32,0,0,0,"0,00%"
33,33,0,0,0,"0,00%"
33,34,0,0,0,"0,00%"
33,35,"0,001003",0,0,"100,00%"
33,36,0,0,0,"0,00%"
33,37,0,0,0,"0,00%"
33,38,0,"0,001",0,"0,00%"
33,39,0,0,0,"0,00%"
33,40,0,"0,001",0,"0,00%"
33,41,0,0,0,"0,00%"
33,42,"0,000955","0,000999","0,955955956","-4,61%"
33,43,0,0,0,"0,00%"
33,44,"0,001","0,000998","1,002004008","0,20%"
33,45,0,0,0,"0,00%"
33,46,"0,000999","0,001","0,999","-0,10%"
33,47,0,0,0,"0,00%"
33,48,"0,001003",0,0,"100,00%"
33,49,0,0,0,"0,00%"
33,50,"0,00102","0,000999","1,021021021","2,06%"
33,51,0,"0,000999",0,"0,00%"
33,52,"0,001003",0,0,"100,00%"
33,53,0,0,0,"0,00%"
33,54,0,"0,000999",0,"0,00%"
33,55,"0,000962",0,0,"100,00%"
34,1,0,0,0,"0,00%"
34,2,"0,001",0,0,"100,00%"
34,3,0,"0,001097",0,"0,00%"
34,4,0,0,0,"0,00%"
34,5,0,0,0,"0,00%"
34,6,0,"0,001",0,"0,00%"
34,7,0,0,0,"0,00%"
34,8,0,0,0,"0,00%"
34,9,0,"0,000998",0,"0,00%"
34,10,0,0,0,"0,00%"
34,11,0,0,0,"0,00%"
34,12,0,0,0,"0,00%"
34,13,0,0,0,"0,00%"
34,14,0,0,0,"0,00%"
34,15,0,0,0,"0,00%"
34,16,0,0,0,"0,00%"
34,17,0,0,0,"0,00%"
34,18,"0,001001",0,0,"100,00%"
34,19,0,0,0,"0,00%"
34,20,0,0,0,"0,00%"
34,21,0,0,0,"0,00%"
34,22,0,0,0,"0,00%"
34,23,0,0,0,"0,00%"
34,24,"0,001",0,0,"100,00%"
34,25,0,"0,000999",0,"0,00%"
34,26,"0,000999",0,0,"100,00%"
34,27,0,0,0,"0,00%"
34,28,0,"0,000021",0,"0,00%"
34,29,0,0,0,"0,00%"
34,30,0,0,0,"0,00%"
34,31,0,0,0,"0,00%"
34,32,0,0,0,"0,00%"
34,33,0,0,0,"0,00%"
34,34,0,"0,000999",0,"0,00%"
34,35,"0,000999",0,0,"100,00%"
34,36,0,"0,000999",0,"0,00%"
34,37,0,0,0,"0,00%"
34,38,0,0,0,"0,00%"
34,39,0,0,0,"0,00%"
34,40,0,0,0,"0,00%"
34,41,0,0,0,"0,00%"
34,42,"0,000972",0,0,"100,00%"
34,43,0,0,0,"0,00%"
34,44,0,0,0,"0,00%"
34,45,0,"0,001",0,"0,00%"
34,46,"0,000999",0,0,"100,00%"
34,47,0,"0,000999",0,"0,00%"
34,48,"0,000999",0,0,"100,00%"
34,49,0,0,0,"0,00%"
34,50,"0,00102","0,00102",1,"0,00%"
34,51,0,"0,000973",0,"0,00%"
34,52,"0,000978",0,0,"100,00%"
34,53,0,"0,001",0,"0,00%"
34,54,0,"0,001026",0,"0,00%"
34,55,"0,001",0,0,"100,00%"
35,1,0,0,0,"0,00%"
35,2,0,0,0,"0,00%"
35,3,0,0,0,"0,00%"
35,4,0,0,0,"0,00%"
35,5,0,0,0,"0,00%"
35,6,0,0,0,"0,00%"
35,7,0,"0,000999",0,"0,00%"
35,8,0,0,0,"0,00%"
35,9,0,0,0,"0,00%"
35,10,0,"0,000999",0,"0,00%"
35,11,0,0,0,"0,00%"
35,12,0,0,0,"0,00%"
35,13,0,"0,000999",0,"0,00%"
35,14,0,0,0,"0,00%"
35,15,0,0,0,"0,00%"
35,16,0,0,0,"0,00%"
35,17,0,0,0,"0,00%"
35,18,0,"0,000999",0,"0,00%"
35,19,"0,000999",0,0,"100,00%"
35,20,0,0,0,"0,00%"
35,21,0,"0,000999",0,"0,00%"
35,22,0,0,0,"0,00%"
35,23,0,"0,001",0,"0,00%"
35,24,0,0,0,"0,00%"
35,25,0,"0,000999",0,"0,00%"
35,26,0,0,0,"0,00%"
35,27,"0,000999",0,0,"100,00%"
35,28,0,0,0,"0,00%"
35,29,"0,000999",0,0,"100,00%"
35,30,0,0,0,"0,00%"
35,31,"0,000999",0,0,"100,00%"
35,32,0,0,0,"0,00%"
35,33,0,0,0,"0,00%"
35,34,0,0,0,"0,00%"
35,35,0,0,0,"0,00%"
35,36,"0,001",0,0,"100,00%"
35,37,0,0,0,"0,00%"
35,38,"0,000999",0,0,"100,00%"
35,39,0,"0,000999",0,"0,00%"
35,40,0,0,0,"0,00%"
35,41,"0,001003","0,000999","1,004004004","0,40%"
35,42,0,0,0,"0,00%"
35,43,0,0,0,"0,00%"
35,44,0,0,0,"0,00%"
35,45,"0,001003","0,001","1,003","0,30%"
35,46,0,0,0,"0,00%"
35,47,0,"0,000999",0,"0,00%"
35,48,"0,001003",0,0,"100,00%"
35,49,0,0,0,"0,00%"
35,50,"0,001003","0,001023","0,9804496579","-1,99%"
35,51,0,"0,000995",0,"0,00%"
35,52,"0,000985",0,0,"100,00%"
35,53,0,"0,000979",0,"0,00%"
35,54,"0,001028",0,0,"100,00%"
35,55,0,0,0,"0,00%"
36,1,0,0,0,"0,00%"
36,2,0,0,0,"0,00%"
36,3,"0,000974",0,0,"100,00%"
36,4,0,0,0,"0,00%"
36,5,0,0,0,"0,00%"
36,6,0,0,0,"0,00%"
36,7,0,0,0,"0,00%"
36,8,"0,000986",0,0,"100,00%"
36,9,0,"0,000999",0,"0,00%"
36,10,0,0,0,"0,00%"
36,11,0,0,0,"0,00%"
36,12,0,"0,001",0,"0,00%"
36,13,0,0,0,"0,00%"
36,14,0,0,0,"0,00%"
36,15,0,0,0,"0,00%"
36,16,0,0,0,"0,00%"
36,17,0,"0,001",0,"0,00%"
36,18,0,0,0,"0,00%"
36,19,"0,000999",0,0,"100,00%"
36,20,0,0,0,"0,00%"
36,21,0,0,0,"0,00%"
36,22,0,0,0,"0,00%"
36,23,0,0,0,"0,00%"
36,24,0,0,0,"0,00%"
36,25,0,0,0,"0,00%"
36,26,0,0,0,"0,00%"
36,27,"0,001001","0,000999","1,002002002","0,20%"
36,28,0,0,0,"0,00%"
36,29,0,"0,000999",0,"0,00%"
36,30,0,0,0,"0,00%"
36,31,0,0,0,"0,00%"
36,32,0,0,0,"0,00%"
36,33,"0,000992","0,001003","0,9890329013","-1,11%"
36,34,0,0,0,"0,00%"
36,35,"0,000999",0,0,"100,00%"
36,36,0,0,0,"0,00%"
36,37,0,0,0,"0,00%"
36,38,0,"0,000999",0,"0,00%"
36,39,0,0,0,"0,00%"
36,40,0,"0,001",0,"0,00%"
36,41,0,0,0,"0,00%"
36,42,0,"0,000999",0,"0,00%"
36,43,0,0,0,"0,00%"
36,44,0,0,0,"0,00%"
36,45,0,0,0,"0,00%"
36,46,0,0,0,"0,00%"
36,47,0,"0,000999",0,"0,00%"
36,48,0,0,0,"0,00%"
36,49,0,"0,001001",0,"0,00%"
36,50,"0,000975","0,000999","0,975975976","-2,46%"
36,51,"0,001","0,000998","1,002004008","0,20%"
36,52,"0,000999",0,0,"100,00%"
36,53,0,0,0,"0,00%"
36,54,0,"0,001025",0,"0,00%"
36,55,"0,001002",0,0,"100,00%"
37,1,0,0,0,"0,00%"
37,2,"0,001",0,0,"100,00%"
37,3,0,0,0,"0,00%"
37,4,0,0,0,"0,00%"
37,5,"0,000999",0,0,"100,00%"
37,6,0,0,0,"0,00%"
37,7,0,0,0,"0,00%"
37,8,"0,001",0,0,"100,00%"
37,9,0,0,0,"0,00%"
37,10,0,0,0,"0,00%"
37,11,0,0,0,"0,00%"
37,12,0,0,0,"0,00%"
37,13,0,0,0,"0,00%"
37,14,0,0,0,"0,00%"
37,15,0,0,0,"0,00%"
37,16,0,0,0,"0,00%"
37,17,0,0,0,"0,00%"
37,18,0,0,0,"0,00%"
37,19,"0,000998",0,0,"100,00%"
37,20,0,0,0,"0,00%"
37,21,0,0,0,"0,00%"
37,22,0,0,0,"0,00%"
37,23,0,0,0,"0,00%"
37,24,0,0,0,"0,00%"
37,25,0,0,0,"0,00%"
37,26,0,"0,000999",0,"0,00%"
37,27,"0,000998",0,0,"100,00%"
37,28,0,0,0,"0,00%"
37,29,"0,001001",0,0,"100,00%"
37,30,0,0,0,"0,00%"
37,31,"0,000999",0,0,"100,00%"
37,32,0,0,0,"0,00%"
37,33,0,0,0,"0,00%"
37,34,0,0,0,"0,00%"
37,35,0,"0,001001",0,"0,00%"
37,36,"0,000999",0,0,"100,00%"
37,37,0,"0,001",0,"0,00%"
37,38,"0,001",0,0,"100,00%"
37,39,0,0,0,"0,00%"
37,40,"0,000999",0,0,"100,00%"
37,41,0,0,0,"0,00%"
37,42,"0,000999",0,0,"100,00%"
37,43,0,"0,000999",0,"0,00%"
37,44,"0,000999",0,0,"100,00%"
37,45,0,0,0,"0,00%"
37,46,"0,000999",0,0,"100,00%"
37,47,0,"0,00096",0,"0,00%"
37,48,"0,000998",0,0,"100,00%"
37,49,0,"0,001011",0,"0,00%"
37,50,0,"0,001005",0,"0,00%"
37,51,0,"0,001012",0,"0,00%"
37,52,"0,00098",0,0,"100,00%"
37,53,0,"0,000985",0,"0,00%"
37,54,0,"0,001008",0,"0,00%"
37,55,"0,000982",0,0,"100,00%"
38,1,0,"0,000976",0,"0,00%"
38,2,0,0,0,"0,00%"
38,3,0,0,0,"0,00%"
38,4,0,0,0,"0,00%"
38,5,"0,000999",0,0,"100,00%"
38,6,0,0,0,"0,00%"
38,7,0,0,0,"0,00%"
38,8,0,0,0,"0,00%"
38,9,0,0,0,"0,00%"
38,10,0,0,0,"0,00%"
38,11,0,0,0,"0,00%"
38,12,0,0,0,"0,00%"
38,13,0,0,0,"0,00%"
38,14,0,"0,001",0,"0,00%"
38,15,0,0,0,"0,00%"
38,16,0,0,0,"0,00%"
38,17,0,0,0,"0,00%"
38,18,0,0,0,"0,00%"
38,19,"0,000999","0,001001","0,998001998","-0,20%"
38,20,0,0,0,"0,00%"
38,21,0,0,0,"0,00%"
38,22,"0,000999","0,000999",1,"0,00%"
38,23,0,0,0,"0,00%"
38,24,0,0,0,"0,00%"
38,25,0,"0,000999",0,"0,00%"
38,26,0,0,0,"0,00%"
38,27,0,"0,000999",0,"0,00%"
38,28,0,0,0,"0,00%"
38,29,"0,000998","0,000999","0,998998999","-0,10%"
38,30,0,0,0,"0,00%"
38,31,0,"0,001",0,"0,00%"
38,32,0,0,0,"0,00%"
38,33,"0,000997",0,0,"100,00%"
38,34,0,0,0,"0,00%"
38,35,"0,000999",0,0,"100,00%"
38,36,0,"0,001",0,"0,00%"
38,37,"0,000998",0,0,"100,00%"
38,38,0,0,0,"0,00%"
38,39,"0,001001",0,0,"100,00%"
38,40,0,0,0,"0,00%"
38,41,0,0,0,"0,00%"
38,42,0,0,0,"0,00%"
38,43,0,0,0,"0,00%"
38,44,0,0,0,"0,00%"
38,45,"0,001011",0,0,"100,00%"
38,46,0,"0,000962",0,"0,00%"
38,47,0,0,0,"0,00%"
38,48,0,0,0,"0,00%"
38,49,0,0,0,"0,00%"
38,50,"0,001013","0,001013",1,"0,00%"
38,51,0,0,0,"0,00%"
38,52,"0,000981",0,0,"100,00%"
38,53,0,"0,001002",0,"0,00%"
38,54,0,0,0,"0,00%"
38,55,"0,001",0,0,"100,00%"
39,1,0,0,0,"0,00%"
39,2,0,0,0,"0,00%"
39,3,0,0,0,"0,00%"
39,4,0,0,0,"0,00%"
39,5,0,0,0,"0,00%"
39,6,0,0,0,"0,00%"
39,7,0,0,0,"0,00%"
39,8,0,0,0,"0,00%"
39,9,0,0,0,"0,00%"
39,10,"0,000999",0,0,"100,00%"
39,11,0,0,0,"0,00%"
39,12,0,0,0,"0,00%"
39,13,"0,000999",0,0,"100,00%"
39,14,0,0,0,"0,00%"
39,15,0,0,0,"0,00%"
39,16,"0,000999",0,0,"100,00%"
39,17,0,"0,001",0,"0,00%"
39,18,0,0,0,"0,00%"
39,19,0,0,0,"0,00%"
39,20,0,0,0,"0,00%"
39,21,0,0,0,"0,00%"
39,22,0,"0,001003",0,"0,00%"
39,23,0,0,0,"0,00%"
39,24,"0,000999",0,0,"100,00%"
39,25,0,0,0,"0,00%"
39,26,0,0,0,"0,00%"
39,27,0,0,0,"0,00%"
39,28,0,0,0,"0,00%"
39,29,0,"0,001004",0,"0,00%"
39,30,0,0,0,"0,00%"
39,31,"0,000998","0,00101","0,9881188119","-1,20%"
39,32,0,0,0,"0,00%"
39,33,"0,000999","0,000987","1,012158055","1,20%"
39,34,0,0,0,"0,00%"
39,35,0,0,0,"0,00%"
39,36,0,0,0,"0,00%"
39,37,0,0,0,"0,00%"
39,38,0,0,0,"0,00%"
39,39,0,0,0,"0,00%"
39,40,"0,001023",0,0,"100,00%"
39,41,0,0,0,"0,00%"
39,42,"0,001003",0,0,"100,00%"
39,43,0,"0,000998",0,"0,00%"
39,44,"0,000999",0,0,"100,00%"
39,45,0,"0,001003",0,"0,00%"
39,46,0,0,0,"0,00%"
39,47,0,0,0,"0,00%"
39,48,"0,001001","0,001003","0,9980059821","-0,20%"
39,49,0,0,0,"0,00%"
39,50,"0,000999","0,001003","0,9960119641","-0,40%"
39,51,"0,001007","0,000999","1,008008008","0,79%"
39,52,"0,000991",0,0,"100,00%"
39,53,0,0,0,"0,00%"
39,54,0,"0,001001",0,"0,00%"
39,55,"0,001003",0,0,"100,00%"
40,1,0,0,0,"0,00%"
40,2,"0,001",0,0,"100,00%"
40,3,0,0,0,"0,00%"
40,4,0,0,0,"0,00%"
40,5,"0,000999",0,0,"100,00%"
40,6,0,0,0,"0,00%"
40,7,0,0,0,"0,00%"
40,8,0,0,0,"0,00%"
40,9,0,0,0,"0,00%"
40,10,0,0,0,"0,00%"
40,11,0,0,0,"0,00%"
40,12,0,0,0,"0,00%"
40,13,0,0,0,"0,00%"
40,14,0,0,0,"0,00%"
40,15,0,0,0,"0,00%"
40,16,0,"0,000996",0,"0,00%"
40,17,0,0,0,"0,00%"
40,18,0,0,0,"0,00%"
40,19,"0,001",0,0,"100,00%"
40,20,0,0,0,"0,00%"
40,21,0,0,0,"0,00%"
40,22,"0,000998",0,0,"100,00%"
40,23,0,0,0,"0,00%"
40,24,0,0,0,"0,00%"
40,25,0,0,0,"0,00%"
40,26,0,0,0,"0,00%"
40,27,0,0,0,"0,00%"
40,28,0,0,0,"0,00%"
40,29,0,0,0,"0,00%"
40,30,0,0,0,"0,00%"
40,31,0,0,0,"0,00%"
40,32,0,0,0,"0,00%"
40,33,0,0,0,"0,00%"
40,34,0,"0,000998",0,"0,00%"
40,35,0,0,0,"0,00%"
40,36,0,"0,000999",0,"0,00%"
40,37,0,0,0,"0,00%"
40,38,0,"0,000999",0,"0,00%"
40,39,0,0,0,"0,00%"
40,40,0,"0,001",0,"0,00%"
40,41,"0,001003",0,0,"100,00%"
40,42,0,"0,001003",0,"0,00%"
40,43,"0,000999",0,0,"100,00%"
40,44,0,"0,000995",0,"0,00%"
40,45,0,0,0,"0,00%"
40,46,0,"0,000999",0,"0,00%"
40,47,0,0,0,"0,00%"
40,48,0,"0,001",0,"0,00%"
40,49,0,0,0,"0,00%"
40,50,"0,00101","0,001011","0,9990108803","-0,10%"
40,51,0,0,0,"0,00%"
40,52,0,0,0,"0,00%"
40,53,0,0,0,"0,00%"
40,54,0,"0,001003",0,"0,00%"
40,55,"0,000999",0,0,"100,00%"
41,1,0,0,0,"0,00%"
41,2,0,0,0,"0,00%"
41,3,0,"0,001",0,"0,00%"
41,4,0,0,0,"0,00%"
41,5,0,0,0,"0,00%"
41,6,0,"0,000999",0,"0,00%"
41,7,"0,001001",0,0,"100,00%"
41,8,0,0,0,"0,00%"
41,9,0,"0,000998",0,"0,00%"
41,10,0,0,0,"0,00%"
41,11,0,0,0,"0,00%"
41,12,0,"0,001",0,"0,00%"
41,13,0,0,0,"0,00%"
41,14,0,0,0,"0,00%"
41,15,0,0,0,"0,00%"
41,16,0,0,0,"0,00%"
41,17,0,"0,001",0,"0,00%"
41,18,0,0,0,"0,00%"
41,19,0,"0,000999",0,"0,00%"
41,20,"0,001003",0,0,"100,00%"
41,21,0,0,0,"0,00%"
41,22,0,0,0,"0,00%"
41,23,0,0,0,"0,00%"
41,24,0,0,0,"0,00%"
41,25,0,0,0,"0,00%"
41,26,"0,001003",0,0,"100,00%"
41,27,0,"0,000998",0,"0,00%"
41,28,"0,001",0,0,"100,00%"
41,29,0,"0,001001",0,"0,00%"
41,30,"0,000999",0,0,"100,00%"
41,31,0,"0,000999",0,"0,00%"
41,32,"0,000999",0,0,"100,00%"
41,33,0,"0,000999",0,"0,00%"
41,34,0,"0,001",0,"0,00%"
41,35,0,0,0,"0,00%"
41,36,0,0,0,"0,00%"
41,37,"0,001003","0,000999","1,004004004","0,40%"
41,38,0,"0,001042",0,"0,00%"
41,39,0,0,0,"0,00%"
41,40,0,"0,001003",0,"0,00%"
41,41,0,"0,000999",0,"0,00%"
41,42,"0,000999","0,000999",1,"0,00%"
41,43,0,0,0,"0,00%"
41,44,"0,000999",0,0,"100,00%"
41,45,0,0,0,"0,00%"
41,46,"0,000999",0,0,"100,00%"
41,47,0,"0,001033",0,"0,00%"
41,48,0,0,0,"0,00%"
41,49,"0,001",0,0,"100,00%"
41,50,"0,001017","0,001003","1,013958126","1,38%"
41,51,0,"0,000999",0,"0,00%"
41,52,0,0,0,"0,00%"
41,53,"0,001",0,0,"100,00%"
41,54,"0,001019","0,000999","1,02002002","1,96%"
41,55,0,"0,001031",0,"0,00%"
42,1,0,0,0,"0,00%"
42,2,0,0,0,"0,00%"
42,3,"0,001003","0,001003",1,"0,00%"
42,4,0,0,0,"0,00%"
42,5,0,0,0,"0,00%"
42,6,0,"0,000999",0,"0,00%"
42,7,0,0,0,"0,00%"
42,8,0,0,0,"0,00%"
42,9,0,"0,000999",0,"0,00%"
42,10,0,0,0,"0,00%"
42,11,0,0,0,"0,00%"
42,12,0,0,0,"0,00%"
42,13,0,0,0,"0,00%"
42,14,0,0,0,"0,00%"
42,15,0,0,0,"0,00%"
42,16,0,0,0,"0,00%"
42,17,0,"0,001",0,"0,00%"
42,18,0,0,0,"0,00%"
42,19,0,0,0,"0,00%"
42,20,"0,001",0,0,"100,00%"
42,21,0,0,0,"0,00%"
42,22,0,0,0,"0,00%"
42,23,"0,000999",0,0,"100,00%"
42,24,0,0,0,"0,00%"
42,25,0,0,0,"0,00%"
42,26,0,0,0,"0,00%"
42,27,0,0,0,"0,00%"
42,28,"0,001",0,0,"100,00%"
42,29,0,0,0,"0,00%"
42,30,"0,000998",0,0,"100,00%"
42,31,0,0,0,"0,00%"
42,32,0,0,0,"0,00%"
42,33,0,0,0,"0,00%"
42,34,"0,001",0,0,"100,00%"
42,35,0,"0,000995",0,"0,00%"
42,36,0,"0,000999",0,"0,00%"
42,37,0,0,0,"0,00%"
42,38,0,"0,000999",0,"0,00%"
42,39,0,0,0,"0,00%"
42,40,0,"0,001",0,"0,00%"
42,41,0,0,0,"0,00%"
42,42,0,0,0,"0,00%"
42,43,0,0,0,"0,00%"
42,44,0,0,0,"0,00%"
42,45,0,0,0,"0,00%"
42,46,0,0,0,"0,00%"
42,47,0,0,0,"0,00%"
42,48,0,"0,001",0,"0,00%"
42,49,0,0,0,"0,00%"
42,50,"0,00102","0,001034","0,9864603482","-1,37%"
42,51,0,0,0,"0,00%"
42,52,0,"0,001003",0,"0,00%"
42,53,0,0,0,"0,00%"
42,54,0,0,0,"0,00%"
42,55,"0,001003","0,001001","1,001998002","0,20%"
43,1,0,0,0,"0,00%"
43,2,0,0,0,"0,00%"
43,3,0,0,0,"0,00%"
43,4,0,"0,000999",0,"0,00%"
43,5,0,0,0,"0,00%"
43,6,0,0,0,"0,00%"
43,7,0,0,0,"0,00%"
43,8,0,0,0,"0,00%"
43,9,0,0,0,"0,00%"
43,10,"0,000999",0,0,"100,00%"
43,11,0,0,0,"0,00%"
43,12,0,0,0,"0,00%"
43,13,"0,000999",0,0,"100,00%"
43,14,0,0,0,"0,00%"
43,15,0,0,0,"0,00%"
43,16,"0,000998",0,0,"100,00%"
43,17,0,"0,000999",0,"0,00%"
43,18,"0,001",0,0,"100,00%"
43,19,0,0,0,"0,00%"
43,20,0,0,0,"0,00%"
43,21,0,0,0,"0,00%"
43,22,0,0,0,"0,00%"
43,23,0,0,0,"0,00%"
43,24,0,0,0,"0,00%"
43,25,0,0,0,"0,00%"
43,26,"0,000999",0,0,"100,00%"
43,27,0,0,0,"0,00%"
43,28,0,0,0,"0,00%"
43,29,0,0,0,"0,00%"
43,30,0,0,0,"0,00%"
43,31,0,0,0,"0,00%"
43,32,0,0,0,"0,00%"
43,33,0,0,0,"0,00%"
43,34,0,0,0,"0,00%"
43,35,"0,001001",0,0,"100,00%"
43,36,0,0,0,"0,00%"
43,37,0,0,0,"0,00%"
43,38,0,0,0,"0,00%"
43,39,0,0,0,"0,00%"
43,40,0,"0,001017",0,"0,00%"
43,41,0,0,0,"0,00%"
43,42,0,"0,000982",0,"0,00%"
43,43,0,0,0,"0,00%"
43,44,0,0,0,"0,00%"
43,45,0,0,0,"0,00%"
43,46,0,"0,001001",0,"0,00%"
43,47,0,"0,001025",0,"0,00%"
43,48,0,0,0,"0,00%"
43,49,0,"0,000973",0,"0,00%"
43,50,"0,001017","0,001027","0,9902629017","-0,98%"
43,51,0,"0,000973",0,"0,00%"
43,52,0,0,0,"0,00%"
43,53,"0,001004","0,001","1,004","0,40%"
43,54,0,"0,001037",0,"0,00%"
43,55,"0,000999",0,0,"100,00%"
44,1,0,0,0,"0,00%"
44,2,"0,000999",0,0,"100,00%"
44,3,0,0,0,"0,00%"
44,4,0,0,0,"0,00%"
44,5,"0,000999","0,001","0,999","-0,10%"
44,6,0,0,0,"0,00%"
44,7,0,0,0,"0,00%"
44,8,0,0,0,"0,00%"
44,9,0,0,0,"0,00%"
44,10,"0,001","0,001001","0,999000999","-0,10%"
44,11,0,"0,000318",0,"0,00%"
44,12,0,0,0,"0,00%"
44,13,"0,000998",0,0,"100,00%"
44,14,0,0,0,"0,00%"
44,15,0,0,0,"0,00%"
44,16,0,0,0,"0,00%"
44,17,0,"0,001001",0,"0,00%"
44,18,"0,000998",0,0,"100,00%"
44,19,0,0,0,"0,00%"
44,20,0,0,0,"0,00%"
44,21,0,0,0,"0,00%"
44,22,0,"0,000998",0,"0,00%"
44,23,0,0,0,"0,00%"
44,24,0,0,0,"0,00%"
44,25,0,0,0,"0,00%"
44,26,0,0,0,"0,00%"
44,27,0,0,0,"0,00%"
44,28,0,"0,001",0,"0,00%"
44,29,0,"0,000999",0,"0,00%"
44,30,0,"0,000999",0,"0,00%"
44,31,0,0,0,"0,00%"
44,32,0,0,0,"0,00%"
44,33,0,"0,000999",0,"0,00%"
44,34,0,0,0,"0,00%"
44,35,0,0,0,"0,00%"
44,36,0,"0,000999",0,"0,00%"
44,37,0,"0,000999",0,"0,00%"
44,38,0,0,0,"0,00%"
44,39,0,"0,001001",0,"0,00%"
44,40,0,0,0,"0,00%"
44,41,"0,001","0,000999","1,001001001","0,10%"
44,42,0,0,0,"0,00%"
44,43,0,"0,001",0,"0,00%"
44,44,0,0,0,"0,00%"
44,45,"0,000999","0,000999",1,"0,00%"
44,46,0,0,0,"0,00%"
44,47,0,"0,001019",0,"0,00%"
44,48,"0,000999",0,0,"100,00%"
44,49,0,0,0,"0,00%"
44,50,"0,001044","0,001018","1,025540275","2,49%"
44,51,"0,000958",0,0,"100,00%"
44,52,0,0,0,"0,00%"
44,53,0,"0,001025",0,"0,00%"
44,54,"0,001024",0,0,"100,00%"
44,55,0,0,0,"0,00%"
45,1,0,0,0,"0,00%"
45,2,0,0,0,"0,00%"
45,3,"0,001",0,0,"100,00%"
45,4,0,0,0,"0,00%"
45,5,0,0,0,"0,00%"
45,6,0,0,0,"0,00%"
45,7,0,"0,001001",0,"0,00%"
45,8,"0,001001",0,0,"100,00%"
45,9,0,0,0,"0,00%"
45,10,0,"0,001",0,"0,00%"
45,11,0,0,0,"0,00%"
45,12,0,0,0,"0,00%"
45,13,"0,001001","0,000999","1,002002002","0,20%"
45,14,0,0,0,"0,00%"
45,15,0,0,0,"0,00%"
45,16,"0,000999","0,001","0,999","-0,10%"
45,17,0,0,0,"0,00%"
45,18,0,0,0,"0,00%"
45,19,0,0,0,"0,00%"
45,20,0,0,0,"0,00%"
45,21,0,0,0,"0,00%"
45,22,0,0,0,"0,00%"
45,23,0,0,0,"0,00%"
45,24,"0,000999",0,0,"100,00%"
45,25,0,0,0,"0,00%"
45,26,0,0,0,"0,00%"
45,27,0,0,0,"0,00%"
45,28,0,0,0,"0,00%"
45,29,0,0,0,"0,00%"
45,30,0,0,0,"0,00%"
45,31,0,0,0,"0,00%"
45,32,0,0,0,"0,00%"
45,33,"0,000999",0,0,"100,00%"
45,34,0,0,0,"0,00%"
45,35,0,"0,001",0,"0,00%"
45,36,0,0,0,"0,00%"
45,37,0,"0,001",0,"0,00%"
45,38,0,0,0,"0,00%"
45,39,0,"0,000999",0,"0,00%"
45,40,0,0,0,"0,00%"
45,41,0,"0,000999",0,"0,00%"
45,42,0,0,0,"0,00%"
45,43,"0,000974","0,000999","0,974974975","-2,57%"
45,44,0,0,0,"0,00%"
45,45,0,"0,000999",0,"0,00%"
45,46,0,0,0,"0,00%"
45,47,0,"0,001",0,"0,00%"
45,48,"0,000999",0,0,"100,00%"
45,49,0,0,0,"0,00%"
45,50,"0,000999","0,000996","1,003012048","0,30%"
45,51,0,"0,001",0,"0,00%"
45,52,"0,001",0,0,"100,00%"
45,53,0,"0,000999",0,"0,00%"
45,54,0,"0,000999",0,"0,00%"
45,55,0,0,0,"0,00%"
46,1,0,0,0,"0,00%"
46,2,"0,000999",0,0,"100,00%"
46,3,0,0,0,"0,00%"
46,4,0,0,0,"0,00%"
46,5,0,0,0,"0,00%"
46,6,0,0,0,"0,00%"
46,7,0,0,0,"0,00%"
46,8,0,0,0,"0,00%"
46,9,0,0,0,"0,00%"
46,10,0,0,0,"0,00%"
46,11,0,0,0,"0,00%"
46,12,0,"0,000999",0,"0,00%"
46,13,0,0,0,"0,00%"
46,14,0,0,0,"0,00%"
46,15,0,"0,001",0,"0,00%"
46,16,"0,000999",0,0,"100,00%"
46,17,0,0,0,"0,00%"
46,18,0,0,0,"0,00%"
46,19,"0,000999",0,0,"100,00%"
46,20,0,"0,001",0,"0,00%"
46,21,0,0,0,"0,00%"
46,22,0,0,0,"0,00%"
46,23,0,0,0,"0,00%"
46,24,0,0,0,"0,00%"
46,25,0,0,0,"0,00%"
46,26,0,0,0,"0,00%"
46,27,"0,000999",0,0,"100,00%"
46,28,0,0,0,"0,00%"
46,29,"0,000999",0,0,"100,00%"
46,30,0,0,0,"0,00%"
46,31,"0,001",0,0,"100,00%"
46,32,0,0,0,"0,00%"
46,33,0,0,0,"0,00%"
46,34,0,0,0,"0,00%"
46,35,"0,001003",0,0,"100,00%"
46,36,0,"0,001001",0,"0,00%"
46,37,0,0,0,"0,00%"
46,38,0,"0,000999",0,"0,00%"
46,39,0,0,0,"0,00%"
46,40,0,0,0,"0,00%"
46,41,"0,001003",0,0,"100,00%"
46,42,0,0,0,"0,00%"
46,43,"0,000999",0,0,"100,00%"
46,44,0,0,0,"0,00%"
46,45,0,0,0,"0,00%"
46,46,0,0,0,"0,00%"
46,47,0,0,0,"0,00%"
46,48,0,"0,001003",0,"0,00%"
46,49,0,0,0,"0,00%"
46,50,"0,001","0,001028","0,9727626459","-2,80%"
46,51,"0,000999","0,000973","1,02672148","2,60%"
46,52,0,0,0,"0,00%"
46,53,0,"0,001004",0,"0,00%"
46,54,0,"0,000995",0,"0,00%"
46,55,"0,001003",0,0,"100,00%"
47,1,0,0,0,"0,00%"
47,2,0,0,0,"0,00%"
47,3,0,0,0,"0,00%"
47,4,0,0,0,"0,00%"
47,5,0,0,0,"0,00%"
47,6,0,0,0,"0,00%"
47,7,0,0,0,"0,00%"
47,8,0,0,0,"0,00%"
47,9,0,"0,000999",0,"0,00%"
47,10,0,0,0,"0,00%"
47,11,"0,000999",0,0,"100,00%"
47,12,0,"0,000999",0,"0,00%"
47,13,0,0,0,"0,00%"
47,14,"0,001",0,0,"100,00%"
47,15,0,"0,000999",0,"0,00%"
47,16,0,0,0,"0,00%"
47,17,0,0,0,"0,00%"
47,18,0,0,0,"0,00%"
47,19,"0,000998",0,0,"100,00%"
47,20,0,0,0,"0,00%"
47,21,0,0,0,"0,00%"
47,22,0,0,0,"0,00%"
47,23,0,"0,000999",0,"0,00%"
47,24,"0,000999",0,0,"100,00%"
47,25,0,0,0,"0,00%"
47,26,0,0,0,"0,00%"
47,27,0,0,0,"0,00%"
47,28,0,"0,000999",0,"0,00%"
47,29,0,0,0,"0,00%"
47,30,"0,000979","0,001","0,979","-2,15%"
47,31,0,0,0,"0,00%"
47,32,0,"0,000999",0,"0,00%"
47,33,0,0,0,"0,00%"
47,34,0,0,0,"0,00%"
47,35,0,0,0,"0,00%"
47,36,0,0,0,"0,00%"
47,37,0,0,0,"0,00%"
47,38,0,0,0,"0,00%"
47,39,0,0,0,"0,00%"
47,40,0,0,0,"0,00%"
47,41,0,0,0,"0,00%"
47,42,"0,001018","0,001011","1,006923838","0,69%"
47,43,0,0,0,"0,00%"
47,44,0,"0,000963",0,"0,00%"
47,45,0,0,0,"0,00%"
47,46,0,"0,000999",0,"0,00%"
47,47,0,0,0,"0,00%"
47,48,0,"0,000998",0,"0,00%"
47,49,0,0,0,"0,00%"
47,50,"0,001026","0,000994","1,032193159","3,12%"
47,51,"0,000974",0,0,"100,00%"
47,52,0,"0,00098",0,"0,00%"
47,53,"0,001003",0,0,"100,00%"
47,54,"0,001018",0,0,"100,00%"
47,55,0,0,0,"0,00%"
48,1,0,0,0,"0,00%"
48,2,0,0,0,"0,00%"
48,3,0,0,0,"0,00%"
48,4,0,"0,000999",0,"0,00%"
48,5,0,0,0,"0,00%"
48,6,"0,000999",0,0,"100,00%"
48,7,0,"0,000998",0,"0,00%"
48,8,0,0,0,"0,00%"
48,9,0,0,0,"0,00%"
48,10,0,"0,001001",0,"0,00%"
48,11,0,0,0,"0,00%"
48,12,0,0,0,"0,00%"
48,13,0,0,0,"0,00%"
48,14,0,0,0,"0,00%"
48,15,"0,000999",0,0,"100,00%"
48,16,0,0,0,"0,00%"
48,17,"0,001",0,0,"100,00%"
48,18,0,"0,000999",0,"0,00%"
48,19,0,0,0,"0,00%"
48,20,0,0,0,"0,00%"
48,21,0,"0,000999",0,"0,00%"
48,22,0,0,0,"0,00%"
48,23,0,0,0,"0,00%"
48,24,0,0,0,"0,00%"
48,25,0,0,0,"0,00%"
48,26,0,0,0,"0,00%"
48,27,"0,000999",0,0,"100,00%"
48,28,0,0,0,"0,00%"
48,29,0,0,0,"0,00%"
48,30,0,0,0,"0,00%"
48,31,0,"0,000984",0,"0,00%"
48,32,0,0,0,"0,00%"
48,33,0,"0,001",0,"0,00%"
48,34,0,0,0,"0,00%"
48,35,"0,000999",0,0,"100,00%"
48,36,0,"0,001003",0,"0,00%"
48,37,0,0,0,"0,00%"
48,38,0,0,0,"0,00%"
48,39,0,0,0,"0,00%"
48,40,0,0,0,"0,00%"
48,41,"0,001003","0,001001","1,001998002","0,20%"
48,42,0,0,0,"0,00%"
48,43,0,"0,001002",0,"0,00%"
48,44,0,0,0,"0,00%"
48,45,"0,001009","0,000997","1,012036108","1,19%"
48,46,0,0,0,"0,00%"
48,47,"0,000991",0,0,"100,00%"
48,48,0,"0,001002",0,"0,00%"
48,49,0,0,0,"0,00%"
48,50,"0,001024",0,0,"100,00%"
48,51,"0,000976",0,0,"100,00%"
48,52,0,"0,000996",0,"0,00%"
48,53,0,0,0,"0,00%"
48,54,"0,001025",0,0,"100,00%"
48,55,0,"0,000998",0,"0,00%"
49,1,0,0,0,"0,00%"
49,2,0,0,0,"0,00%"
49,3,"0,001001",0,0,"100,00%"
49,4,0,0,0,"0,00%"
49,5,0,0,0,"0,00%"
49,6,"0,000999",0,0,"100,00%"
49,7,0,0,0,"0,00%"
49,8,0,"0,000998",0,"0,00%"
49,9,"0,000999",0,0,"100,00%"
49,10,0,0,0,"0,00%"
49,11,0,"0,001",0,"0,00%"
49,12,"0,000999",0,0,"100,00%"
49,13,0,0,0,"0,00%"
49,14,0,0,0,"0,00%"
49,15,"0,001003",0,0,"100,00%"
49,16,0,0,0,"0,00%"
49,17,"0,000999",0,0,"100,00%"
49,18,0,0,0,"0,00%"
49,19,0,"0,000999",0,"0,00%"
49,20,0,0,0,"0,00%"
49,21,0,0,0,"0,00%"
49,22,0,0,0,"0,00%"
49,23,0,0,0,"0,00%"
49,24,0,0,0,"0,00%"
49,25,0,0,0,"0,00%"
49,26,0,0,0,"0,00%"
49,27,"0,000999",0,0,"100,00%"
49,28,0,0,0,"0,00%"
49,29,0,"0,000999",0,"0,00%"
49,30,0,0,0,"0,00%"
49,31,0,"0,001007",0,"0,00%"
49,32,0,0,0,"0,00%"
49,33,"0,000989","0,000996","0,9929718876","-0,71%"
49,34,0,0,0,"0,00%"
49,35,0,"0,000997",0,"0,00%"
49,36,0,0,0,"0,00%"
49,37,0,"0,000999",0,"0,00%"
49,38,0,0,0,"0,00%"
49,39,0,0,0,"0,00%"
49,40,0,0,0,"0,00%"
49,41,0,"0,000999",0,"0,00%"
49,42,"0,001029",0,0,"100,00%"
49,43,0,0,0,"0,00%"
49,44,"0,000974",0,0,"100,00%"
49,45,0,"0,001001",0,"0,00%"
49,46,"0,000999",0,0,"100,00%"
49,47,0,"0,000998",0,"0,00%"
49,48,0,0,0,"0,00%"
49,49,0,0,0,"0,00%"
49,50,"0,001023","0,001003","1,019940179","1,96%"
49,51,"0,000979","0,000999","0,97997998","-2,04%"
49,52,0,0,0,"0,00%"
49,53,0,0,0,"0,00%"
49,54,"0,001025","0,001001","1,023976024","2,34%"
49,55,0,0,0,"0,00%"
50,1,0,0,0,"0,00%"
50,2,0,0,0,"0,00%"
50,3,"0,000989","0,001","0,989","-1,11%"
50,4,0,0,0,"0,00%"
50,5,0,0,0,"0,00%"
50,6,"0,000998","0,000999","0,998998999","-0,10%"
50,7,0,0,0,"0,00%"
50,8,0,0,0,"0,00%"
50,9,0,"0,000999",0,"0,00%"
50,10,0,0,0,"0,00%"
50,11,"0,001001",0,0,"100,00%"
50,12,0,0,0,"0,00%"
50,13,0,0,0,"0,00%"
50,14,0,0,0,"0,00%"
50,15,0,0,0,"0,00%"
50,16,0,0,0,"0,00%"
50,17,0,"0,001",0,"0,00%"
50,18,0,0,0,"0,00%"
50,19,"0,001001",0,0,"100,00%"
50,20,0,0,0,"0,00%"
50,21,0,0,0,"0,00%"
50,22,"0,000998",0,0,"100,00%"
50,23,0,0,0,"0,00%"
50,24,0,0,0,"0,00%"
50,25,"0,000999","0,000999",1,"0,00%"
50,26,0,0,0,"0,00%"
50,27,"0,000999",0,0,"100,00%"
50,28,0,0,0,"0,00%"
50,29,"0,001",0,0,"100,00%"
50,30,0,0,0,"0,00%"
50,31,"0,000999",0,0,"100,00%"
50,32,0,0,0,"0,00%"
50,33,"0,001",0,0,"100,00%"
50,34,0,0,0,"0,00%"
50,35,0,0,0,"0,00%"
50,36,0,"0,001",0,"0,00%"
50,37,"0,000999",0,0,"100,00%"
50,38,0,"0,000999",0,"0,00%"
50,39,"0,001005",0,0,"100,00%"
50,40,0,0,0,"0,00%"
50,41,0,0,0,"0,00%"
50,42,"0,001003","0,000976","1,027663934","2,69%"
50,43,0,0,0,"0,00%"
50,44,0,"0,000999",0,"0,00%"
50,45,0,0,0,"0,00%"
50,46,0,"0,000999",0,"0,00%"
50,47,0,0,0,"0,00%"
50,48,"0,001003","0,000999","1,004004004","0,40%"
50,49,0,0,0,"0,00%"
50,50,"0,000999",0,0,"100,00%"
50,51,"0,000999",0,0,"100,00%"
50,52,0,"0,001",0,"0,00%"
50,53,0,0,0,"0,00%"
50,54,"0,001003",0,0,"100,00%"
50,55,"0,001031","0,000976","1,056352459","5,33%"