rodada,query,tempo_execucao_sem_index,tempo_execucao_com_index
1,1,9.836.673.736.572.260,0.0
1,2,0.0,0.0
1,3,0.0,0.0
1,4,0.0,61.244.964.599.609.300
1,5,500.941.276.550.293,0.0
1,6,5.007.028.579.711.910,0.0
1,7,4.148.244.857.788.080,0.0
1,8,0.0,0.0
1,9,4.467.964.172.363.280,0.0
1,10,9.849.071.502.685.540,37.796.497.344.970.700
1,11,0.0,0.0
1,12,25.305.747.985.839.800,7.958.412.170.410.150
1,13,0.0,0.0
1,14,0.0,1.033.782.958.984.370
1,15,10.027.408.599.853.500,0.0
1,16,736.236.572.265.625,10.020.732.879.638.600
1,17,2.733.945.846.557.610,16.415.119.171.142.500
1,18,0.0,0.0
1,19,18.002.986.907.958.900,27.768.611.907.958.900
1,20,7.479.190.826.416.010,10.094.642.639.160.100
1,21,0.0,15.749.931.335.449.200
1,22,0.0,9.543.895.721.435.540
1,23,4.189.491.271.972.650,11.990.070.343.017.500
1,24,0.0,1.020.669.937.133.780
1,25,0.0,10.058.879.852.294.900
1,26,0.0,9.989.738.464.355.460
1,27,0.0,9.999.275.207.519.530
1,28,5.082.130.432.128.900,9.980.201.721.191.400
1,29,21.791.458.129.882.800,9.987.354.278.564.450
1,30,0.0,0.0
1,31,15.158.653.259.277.300,0.0
1,32,52.642.822.265.625,0.0
1,33,38.878.917.694.091.700,0.0
1,34,0.0,0.0
1,35,0.0,0.0
1,36,9.119.987.487.792.960,5.044.221.878.051.750
1,37,11.568.069.458.007.800,0.0
1,38,0.0,2.253.293.991.088.860
1,39,7.035.732.269.287.100,10.266.304.016.113.200
1,40,0.0,9.970.664.978.027.340
1,41,0.0,0.0
1,42,3.896.474.838.256.830,0.0
1,43,1.299.142.837.524.410,13.363.361.358.642.500
1,44,0.0,0.0
1,45,0.0,0.0
1,46,0.0,0.0
1,47,0.0,7.336.139.678.955.070
1,48,0.0,0.0
1,49,0.0,0.0
1,50,76.198.577.880.859.300,5.102.872.848.510.740
1,51,0.0,16.143.321.990.966.700
1,52,15.909.671.783.447.200,10.344.982.147.216.700
1,53,4.055.500.030.517.570,9.596.347.808.837.890
1,54,7.338.523.864.746.090,10.170.936.584.472.600
1,55,5.531.311.035,10.144.710.540.771.400
2,1,0.0,0.0
2,2,0.0,10.476.112.365.722.600
2,3,0.0,0.0
2,4,0.0,0.0
2,5,0.0,0.0
2,6,6.382.465.362.548.820,2.427.816.390.991.210
2,7,0.0,0.0
2,8,0.0,10.142.326.354.980.400
2,9,0.0,9.987.354.278.564.450
2,10,0.0,150.299.072.265.625
2,11,0.0,16.787.052.154.541.000
2,12,0.0,11.639.595.031.738.200
2,13,0.0,0.0
2,14,0.0,0.0
2,15,0.0,0.0
2,16,0.0,10.187.625.885.009.700
2,17,48.906.803.131.103.500,0.0
2,18,10.144.710.540.771.400,4.956.722.259.521.480
2,19,9.968.280.792.236.320,0.0
2,20,0.0,0.0
2,21,0.0,16.124.248.504.638.600
2,22,9.057.521.820.068.350,5.962.848.663.330.070
2,23,10.142.326.354.980.400,0.0
2,24,0.0,10.137.557.983.398.400
2,25,0.0,5.285.739.898.681.640
2,26,0.0,0.0
2,27,0.0,0.0
2,28,0.0,0.0
2,29,15.742.778.778.076.100,9.946.823.120.117.180
2,30,0.0,0.0
2,31,0.0,9.996.891.021.728.510
2,32,0.0,9.996.891.021.728.510
2,33,0.0,0.0
2,34,0.0,0.0
2,35,5.510.568.618.774.410,15.714.168.548.583.900
2,36,6.921.291.351.318.350,9.446.144.104.003.900
2,37,10.097.026.824.951.100,0.0
2,38,0.0,0.0
2,39,10.859.966.278.076.100,9.987.354.278.564.450
2,40,8.053.779.602.050.780,0.0
2,41,0.0,596.046.447.754
2,42,0.0,0.0
2,43,1.010.894.775.390.620,0.0
2,44,0.0,0.0
2,45,0.0,10.821.819.305.419.900
2,46,25.360.584.259.033.200,9.560.585.021.972.650
2,47,1.264.333.724.975.580,9.970.664.978.027.340
2,48,0.0,0.0
2,49,0.0,72.956.085.205
2,50,0.0,22.268.295.288.085.900
2,51,0.0,12.774.467.468.261.700
2,52,0.0,2.010.345.458.984.370
2,53,8.546.829.223.632.810,0.0
2,54,0.0,15.079.975.128.173.800
2,55,18.739.700.317.382.800,5.824.565.887.451.170
3,1,7.214.546.203.613.280,4.410.743.713.378.900
3,2,6.778.240.203.857.420,0.0
3,3,0.0,0.0
3,4,10.235.309.600.830.000,10.478.496.551.513.600
3,5,0.0,0.0
3,6,10.755.062.103.271.400,0.0
3,7,0.0,965.118.408.203.125
3,8,0.0,0.0
3,9,0.0,1.001.596.450.805.660
3,10,8.351.802.825.927.730,0.0
3,11,0.0,9.019.374.847.412.100
3,12,0.0,5.347.728.729.248.040
3,13,35.674.571.990.966.700,1.709.461.212.158.200
3,14,0.0,10.030.269.622.802.700
3,15,0.0,5.080.699.920.654.290
3,16,0.0,0.0
3,17,0.0,0.0
3,18,0.0,0.0
3,19,0.0,8.003.711.700.439.450
3,20,10.986.328.125,0.0
3,21,0.0,11.022.090.911.865.200
3,22,12.311.935.424.804.600,0.0
3,23,0.0,0.0
3,24,0.0,0.0
3,25,10.159.015.655.517.500,0.0
3,26,0.0,0.0
3,27,0.0,0.0
3,28,15.091.896.057.128.900,0.0
3,29,0.0,0.0
3,30,0.0,0.0
3,31,18.768.310.546.875,17.783.641.815.185.500
3,32,6.887.912.750.244.140,0.0
3,33,0.0,10.128.021.240.234.300
3,34,0.0,0.0
3,35,0.0,0.0
3,36,0.0,0.0
3,37,0.0,7.636.547.088.623.040
3,38,0.0,0.0
3,39,0.0,0.0
3,40,0.0,0.0
3,41,7.013.797.760.009.760,0.0
3,42,20.170.211.791.992.100,0.0
3,43,48.351.287.841.796.800,0.0
3,44,10.688.304.901.123.000,0.0
3,45,10.132.789.611.816.400,4.378.318.786.621.090
3,46,1.065.969.467.163.080,5.402.565.002.441.400
3,47,0.0,17.018.318.176.269.500
3,48,0.0,9.756.088.256.835.930
3,49,0.0,9.758.472.442.626.950
3,50,5.093.812.942.504.880,20.313.262.939.453.100
3,51,0.0,8.392.333.984.375
3,52,0.0,4.646.778.106.689.450
3,53,0.0,9.996.891.021.728.510
3,54,7.800.579.071.044.920,10.001.659.393.310.500
3,55,10.042.190.551.757.800,9.992.122.650.146.480
4,1,997.781.753.540.039,4.258.155.822.753.900
4,2,1.058.816.909.790.030,24.819.374.084.472.600
4,3,6.957.054.138.183.590,0.0
4,4,10.151.863.098.144.500,0.0
4,5,0.0,16.570.091.247.558.500
4,6,0.0,0.0
4,7,0.0,0.0
4,8,0.0,0.0
4,9,25.634.765.625,0.0
4,10,6.351.470.947.265.620,2.963.542.938.232.420
4,11,0.0,5.636.215.209.960.930
4,12,0.0,0.0
4,13,0.0,0.0
4,14,4.081.249.237.060.540,3.877.878.189.086.910
4,15,0.0,1.157.999.038.696.280
4,16,0.0,13.275.146.484.375
4,17,0.0,0.0
4,18,0.0,14.123.916.625.976.500
4,19,38.652.420.043.945.300,0.0
4,20,0.0,10.156.631.469.726.500
4,21,10.144.710.540.771.400,0.0
4,22,0.0,4.069.805.145.263.670
4,23,10.018.348.693.847.600,36.644.935.607.910.100
4,24,8.122.920.989.990.230,0.0
4,25,7.836.818.695.068.350,10.085.105.895.996.000
4,26,0.0,0.0
4,27,10.073.184.967.041.000,0.0
4,28,0.0,0.0
4,29,15.380.382.537.841.700,0.0
4,30,0.0,0.0
4,31,0.0,0.0
4,32,0.0,0.0
4,33,19.719.600.677.490.200,35.369.396.209.716.700
4,34,6.866.455.078.125,4.961.490.631.103.510
4,35,0.0,8.797.645.568.847.650
4,36,5.912.780.762,8.246.898.651.123.040
4,37,0.0,10.142.326.354.980.400
4,38,0.0,10.018.348.693.847.600
4,39,0.0,0.0
4,40,0.0,1.186.370.849.609.370
4,41,0.0,0.0
4,42,617.527.961.730.957,0.0
4,43,0.0,0.0
4,44,0.0,0.0
4,45,9.434.223.175.048.820,0.0
4,46,8.294.582.366.943.350,0.0
4,47,10.101.795.196.533.200,4.509.449.005.126.950
4,48,9.987.354.278.564.450,0.0
4,49,0.0,0.0
4,50,0.0,1.753.091.812.133.780
4,51,0.0,10.080.337.524.414.000
4,52,6.330.013.275.146.480,0.0
4,53,5.102.157.592.773.430,0.0
4,54,0.0,9.996.891.021.728.510
4,55,0.0,0.0
5,1,0.0,9.999.275.207.519.530
5,2,0.0,0.0
5,3,6.606.578.826.904.290,0.0
5,4,0.0,10.521.411.895.751.900
5,5,10.194.778.442.382.800,0.0
5,6,0.0,0.0
5,7,4.885.196.685.791.010,6.101.131.439.208.980
5,8,0.0,0.0
5,9,0.0,5.645.751.953.125
5,10,10.104.179.382.324.200,957.489.013.671.875
5,11,0.0,10.023.117.065.429.600
5,12,0.0,0.0
5,13,0.0,0.0
5,14,0.0,0.0
5,15,0.0,0.0
5,16,2.724.885.940.551.750,0.0
5,17,0.0,0.0
5,18,0.0,0.0
5,19,0.0,0.0
5,20,0.0,0.0
5,21,0.0,0.0
5,22,0.0,4.963.397.979.736.320
5,23,4.009.723.663.330.070,0.0
5,24,0.0,0.0
5,25,0.0,0.0
5,26,0.0,0.0
5,27,0.0,0.0
5,28,0.0,15.058.517.456.054.600
5,29,3.562.450.408.935.540,0.0
5,30,0.0,1.007.080.078.125
5,31,0.0,0.0
5,32,9.944.438.934.326.170,0.0
5,33,0.0,35.190.582.275.390.600
5,34,8.442.401.885.986.320,0.0
5,35,7.002.353.668.212.890,0.0
5,36,0.0,0.0
5,37,10.080.337.524.414.000,1.912.832.260.131.830
5,38,0.0,0.0
5,39,0.0,0.0
5,40,0.0,0.0
5,41,0.0,0.0
5,42,0.0,0.0
5,43,0.0,15.802.383.422.851.500
5,44,0.0,0.0
5,45,0.0,1.024.484.634.399.410
5,46,0.0,0.0
5,47,0.0,9.899.139.404.296.870
5,48,0.0,9.505.748.748.779.290
5,49,0.0,0.0
5,50,7.433.176.040.649.410,0.0
5,51,10.154.247.283.935.500,0.0
5,52,10.447.502.136.230.400,0.0
5,53,8.327.960.968.017.570,0.0
5,54,5.333.423.614.501.950,5.071.401.596.069.330
5,55,0.0,0.0
6,1,0.0,0.0
6,2,0.0,1.506.805.419.921.870
6,3,0.0,0.0
6,4,0.0,0.0
6,5,0.0,10.075.569.152.832.000
6,6,0.0,598.907.470.703.125
6,7,0.0,0.0
6,8,0.0,0.0
6,9,6.017.684.936.523.430,10.178.089.141.845.700
6,10,5.104.541.778.564.450,8.988.380.432.128.900
6,11,0.0,0.0
6,12,0.0,1.020.193.099.975.580
6,13,0.0,7.927.417.755.126.950
6,14,0.0,0.0
6,15,0.0,1.016.855.239.868.160
6,16,0.0,0.0
6,17,0.0,9.112.358.093.261.710
6,18,0.0,5.152.225.494.384.760
6,19,0.0,0.0
6,20,0.0,0.0
6,21,1.007.080.078.125,0.0
6,22,0.0,0.0
6,23,10.042.190.551.757.800,0.0
6,24,0.0,0.0
6,25,7.750.988.006.591.790,0.0
6,26,0.0,0.0
6,27,10.075.569.152.832.000,0.0
6,28,0.0,4.591.941.833.496.090
6,29,99.945.068.359.375,0.0
6,30,0.0,10.111.331.939.697.200
6,31,0.0,0.0
6,32,0.0,9.975.433.349.609.370
6,33,26.111.602.783.203.100,0.0
6,34,0.0,0.0
6,35,9.212.493.896.484.370,1.001.596.450.805.660
6,36,0.0,6.349.086.761.474.600
6,37,0.0,8.370.876.312.255.850
6,38,0.0,9.527.206.420.898.430
6,39,4.010.200.500.488.280,5.195.140.838.623.040
6,40,0.0,10.116.100.311.279.200
6,41,0.0,9.987.354.278.564.450
6,42,28.035.640.716.552.700,0.0
6,43,7.274.150.848.388.670,10.204.315.185.546.800
6,44,0.0,9.958.744.049.072.260
6,45,10.190.010.070.800.700,5.533.695.220.947.260
6,46,8.509.159.088.134.760,7.529.258.728.027.340
6,47,7.429.122.924.804.680,0.0
6,48,10.082.721.710.205.000,10.058.879.852.294.900
6,49,0.0,0.0
6,50,10.592.937.469.482.400,15.060.901.641.845.700
6,51,15.082.359.313.964.800,10.080.337.524.414.000
6,52,0.0,0.0
6,53,1.298.666.000.366.210,34.689.903.259.277.300
6,54,16.045.570.373.535.100,8.831.024.169.921.870
6,55,0.0,10.063.648.223.876.900
7,1,1.516.580.581.665.030,4.911.422.729.492.180
7,2,0.0,9.126.663.208.007.810
7,3,0.0,10.364.055.633.544.900
7,4,0.0,0.0
7,5,0.0,5.176.067.352.294.920
7,6,0.0,6.930.828.094.482.420
7,7,0.0,6.647.109.985.351.560
7,8,0.0,0.0
7,9,0.0,0.0
7,10,8.473.396.301.269.530,1.008.749.008.178.710
7,11,10.166.168.212.890.600,0.0
7,12,0.0,10.001.659.393.310.500
7,13,0.0,0.0
7,14,10.089.874.267.578.100,9.980.201.721.191.400
7,15,10.902.881.622.314.400,5.087.852.478.027.340
7,16,0.0,38.743.019.104.003.900
7,17,0.0,0.0
7,18,0.0,10.144.710.540.771.400
7,19,0.0,0.0
7,20,0.0,0.0
7,21,0.0,0.0
7,22,10.182.857.513.427.700,0.0
7,23,5.152.225.494.384.760,0.0
7,24,0.0,0.0
7,25,0.0,0.0
7,26,0.0,0.0
7,27,0.0,0.0
7,28,0.0,39.484.500.885.009.700
7,29,65.686.702.728.271.400,0.0
7,30,0.0,0.0
7,31,10.175.704.956.054.600,15.099.048.614.501.900
7,32,9.968.280.792.236.320,0.0
7,33,5.025.863.647.460.930,10.106.563.568.115.200
7,34,5.145.072.937.011.710,0.0
7,35,0.0,0.0
7,36,0.0,0.0
7,37,10.809.898.376.464.800,0.0
7,38,0.0,6.611.347.198.486.320
7,39,0.0,4.420.280.456.542.960
7,40,19.931.793.212.890.600,0.0
7,41,0.0,0.0
7,42,10.077.953.338.623.000,9.980.201.721.191.400
7,43,9.562.969.207.763.670,0.0
7,44,0.0,0.0
7,45,0.0,0.0
7,46,0.0,6.155.967.712.402.340
7,47,40.166.378.021.240.200,10.159.015.655.517.500
7,48,0.0,9.462.833.404.541.010
7,49,0.0,10.597.705.841.064.400
7,50,3.591.299.057.006.830,325.775.146.484.375
7,51,9.725.093.841.552.730,9.377.002.716.064.450
7,52,4.513.263.702.392.570,0.0
7,53,10.232.925.415.039.000,5.617.141.723.632.810
7,54,10.821.819.305.419.900,1.031.637.191.772.460
7,55,0.0,0.0
8,1,0.0,1.527.547.836.303.710
8,2,0.0,4.801.750.183.105.460
8,3,461.578.369.140.625,0.0
8,4,0.0,0.0
8,5,1.010.894.775.390.620,10.151.863.098.144.500
8,6,0.0,0.0
8,7,0.0,0.0
8,8,10.144.710.540.771.400,0.0
8,9,0.0,0.0
8,10,0.0,10.023.117.065.429.600
8,11,0.0,0.0
8,12,0.0,0.0
8,13,0.0,0.0
8,14,0.0,20.751.953.125
8,15,0.0,10.166.168.212.890.600
8,16,0.0,9.849.071.502.685.540
8,17,0.0,0.0
8,18,0.0,14.612.674.713.134.700
8,19,10.895.729.064.941.400,42.939.186.096.191.400
8,20,0.0,0.0
8,21,0.0,0.0
8,22,10.404.586.791.992.100,0.0
8,23,0.0,0.0
8,24,0.0,0.0
8,25,0.0,0.0
8,26,10.607.242.584.228.500,0.0
8,27,0.0,0.0
8,28,0.0,38.437.843.322.753.900
8,29,17.559.528.350.830.000,0.0
8,30,0.0,0.0
8,31,10.075.569.152.832.000,0.0
8,32,0.0,0.0
8,33,9.999.275.207.519.530,0.0
8,34,0.0,1.001.596.450.805.660
8,35,5.137.920.379.638.670,0.0
8,36,0.0,0.0
8,37,0.0,0.0
8,38,0.0,16.393.661.499.023.400
8,39,0.0,6.353.855.133.056.640
8,40,0.0,6.139.278.411.865.230
8,41,0.0,0.0
8,42,0.0,2.012.968.063.354.490
8,43,0.0,0.0
8,44,13.082.027.435.302.700,0.0
8,45,0.0,0.0
8,46,11.811.256.408.691.400,1.008.749.008.178.710
8,47,7.741.451.263.427.730,0.0
8,48,5.140.304.565.429.680,0.0
8,49,0.0,0.0
8,50,1.092.672.348.022.460,15.060.901.641.845.700
8,51,0.0,1.008.749.008.178.710
8,52,0.0,8.089.542.388.916.010
8,53,20.914.077.758.789.000,2.956.390.380.859.370
8,54,10.159.015.655.517.500,10.008.811.950.683.500
8,55,6.494.522.094.726.560,0.0
9,1,0.0,3.123.283.386.230.460
9,2,0.0,0.0
9,3,0.0,0.0
9,4,0.0,10.128.021.240.234.300
9,5,0.0,5.445.480.346.679.680
9,6,0.0,2.944.469.451.904.290
9,7,0.0,0.0
9,8,0.0,10.068.416.595.458.900
9,9,3.306.150.436.401.360,45.371.055.603.027.300
9,10,0.0,0.0
9,11,12.543.201.446.533.200,0.0
9,12,7.276.535.034.179.680,0.0
9,13,5.881.786.346.435.540,0.0
9,14,7.562.637.329.101.560,16.393.661.499.023.400
9,15,0.0,1.016.855.239.868.160
9,16,10.144.710.540.771.400,0.0
9,17,0.0,9.903.907.775.878.900
9,18,10.554.790.496.826.100,0.0
9,19,0.0,10.023.117.065.429.600
9,20,9.448.528.289.794.920,0.0
9,21,0.0,0.0
9,22,0.0,9.996.891.021.728.510
9,23,0.0,5.099.773.406.982.420
9,24,9.999.275.207.519.530,0.0
9,25,5.059.242.248.535.150,0.0
9,26,0.0,0.0
9,27,1.590.728.759.765.620,0.0
9,28,0.0,0.0
9,29,0.0,0.0
9,30,0.0,3.511.667.251.586.910
9,31,0.0,0.0
9,32,0.0,0.0
9,33,0.0,0.0
9,34,5.510.091.781.616.210,17.688.274.383.544.900
9,35,6.918.907.165.527.340,0.0
9,36,9.708.404.541.015.620,1.008.749.008.178.710
9,37,8.795.261.383.056.640,0.0
9,38,0.0,9.999.275.207.519.530
9,39,10.085.105.895.996.000,0.0
9,40,0.0,10.776.519.775.390.600
9,41,10.166.168.212.890.600,0.0
9,42,0.0,6.885.528.564.453.120
9,43,9.965.896.606.445.310,2.307.891.845.703.120
9,44,0.0,1.003.265.380.859.370
9,45,13.966.560.363.769.500,0.0
9,46,0.0,0.0
9,47,0.0,0.0
9,48,11.510.848.999.023.400,1.013.040.542.602.530
9,49,0.0,9.567.737.579.345.700
9,50,0.0,9.272.098.541.259.760
9,51,5.041.360.855.102.530,0.0
9,52,0.0,1.001.596.450.805.660
9,53,20.246.505.737.304.600,10.254.383.087.158.200
9,54,0.0,9.369.850.158.691.400
9,55,0.0,84.877.014.160
10,1,11.103.153.228.759.700,1.005.411.148.071.280
10,2,6.649.494.171.142.570,0.0
10,3,0.0,0.0
10,4,1.013.040.542.602.530,6.365.776.062.011.710
10,5,0.0,0.0
10,6,9.958.744.049.072.260,0.0
10,7,0.0,0.0
10,8,0.0,0.0
10,9,0.0,3.722.667.694.091.790
10,10,0.0,10.077.953.338.623.000
10,11,0.0,0.0
10,12,0.0,10.039.806.365.966.700
10,13,29.523.372.650.146.400,0.0
10,14,7.624.626.159.667.960,997.304.916.381.836
10,15,0.0,0.0
10,16,0.0,0.0
10,17,0.0,0.0
10,18,4.027.366.638.183.590,0.0
10,19,0.0,7.917.881.011.962.890
10,20,0.0,0.0
10,21,0.0,39.768.218.994.140.600
10,22,0.0,0.0
10,23,0.0,1.001.596.450.805.660
10,24,3.421.306.610.107.420,0.0
10,25,0.0,9.992.122.650.146.480
10,26,10.106.563.568.115.200,0.0
10,27,0.0,9.992.122.650.146.480
10,28,11.010.169.982.910.100,6.239.414.215.087.890
10,29,7.238.388.061.523.430,28.705.596.923.828.100
10,30,0.0,0.0
10,31,10.085.105.895.996.000,10.056.495.666.503.900
10,32,0.0,0.0
10,33,9.989.738.464.355.460,0.0
10,34,0.0,0.0
10,35,0.0,0.0
10,36,1.554.250.717.163.080,0.0
10,37,0.0,2.091.646.194.458.000
10,38,11.701.583.862.304.600,0.0
10,39,0.0,0.0
10,40,1.012.563.705.444.330,9.636.878.967.285.150
10,41,5.357.265.472.412.100,0.0
10,42,0.0,0.0
10,43,0.0,9.989.738.464.355.460
10,44,0.0,0.0
10,45,0.0,9.999.275.207.519.530
10,46,0.0,5.285.739.898.681.640
10,47,0.0,8.280.277.252.197.260
10,48,6.806.850.433.349.600,0.0
10,49,5.109.310.150.146.480,10.035.037.994.384.700
10,50,10.085.105.895.996.000,15.099.048.614.501.900
10,51,3.094.673.156.738.280,0.0
10,52,7.491.111.755.371.090,10.075.569.152.832.000
10,53,1.009.225.845.336.910,6.439.685.821.533.200
10,54,0.0,0.0
10,55,0.0,10.056.495.666.503.900
11,1,0.0,0.0
11,2,0.0,0.0
11,3,0.0,0.0
11,4,0.0,6.005.764.007.568.350
11,5,0.0,0.0
11,6,0.0,0.0
11,7,31.108.856.201.171.800,0.0
11,8,0.0,0.0
11,9,1.154.184.341.430.660,3.552.675.247.192.380
11,10,5.133.152.008.056.640,0.0
11,11,0.0,0.0
11,12,0.0,0.0
11,13,0.0,0.0
11,14,0.0,10.099.411.010.742.100
11,15,0.0,0.0
11,16,0.0,9.968.280.792.236.320
11,17,0.0,0.0
11,18,0.0,10.004.043.579.101.500
11,19,0.0,3.921.985.626.220.700
11,20,7.266.521.453.857.420,0.0
11,21,9.579.658.508.300.780,36.597.251.892.089.800
11,22,0.0,0.0
11,23,11.248.588.562.011.700,10.008.811.950.683.500
11,24,10.094.642.639.160.100,0.0
11,25,10.302.066.802.978.500,10.135.173.797.607.400
11,26,0.0,0.0
11,27,10.411.739.349.365.200,9.849.071.502.685.540
11,28,0.0,0.0
11,29,0.0,12.066.364.288.330.000
11,30,2.932.310.104.370.110,0.0
11,31,1.154.184.341.430.660,1.514.434.814.453.120
11,32,0.0,0.0
11,33,0.0,0.0
11,34,0.0,7.798.671.722.412.100
11,35,0.0,0.0
11,36,0.0,20.110.607.147.216.700
11,37,0.0,0.0
11,38,0.0,0.0
11,39,0.0,10.082.721.710.205.000
11,40,0.0,1.001.119.613.647.460
11,41,7.409.095.764.160.150,0.0
11,42,0.0,99.945.068.359.375
11,43,0.0,0.0
11,44,0.0,0.0
11,45,15.065.670.013.427.700,28.252.601.623.535.100
11,46,0.0,6.124.973.297.119.140
11,47,0.0,0.0
11,48,10.023.117.065.429.600,10.008.811.950.683.500
11,49,10.716.915.130.615.200,0.0
11,50,15.134.811.401.367.100,997.304.916.381.836
11,51,0.0,8.130.073.547.363.280
11,52,0.0,3.314.018.249.511.710
11,53,0.0,10.280.609.130.859.300
11,54,5.561.113.357.543.940,0.0
11,55,0.0,7.469.654.083.251.950
12,1,1.007.080.078.125,0.0
12,2,0.0,15.184.879.302.978.500
12,3,1.178.741.455.078.120,0.0
12,4,0.0,0.0
12,5,0.0,0.0
12,6,0.0,0.0
12,7,1.010.894.775.390.620,0.0
12,8,0.0,9.953.975.677.490.230
12,9,0.0,0.0
12,10,0.0,10.001.659.393.310.500
12,11,0.0,0.0
12,12,0.0,0.0
12,13,0.0,99.945.068.359.375
12,14,0.0,5.412.101.745.605.460
12,15,0.0,0.0
12,16,32.732.486.724.853.500,0.0
12,17,9.353.160.858.154.290,0.0
12,18,5.133.152.008.056.640,0.0
12,19,0.0,0.0
12,20,0.0,0.0
12,21,0.0,35.071.372.985.839.800
12,22,0.0,0.0
12,23,0.0,0.0
12,24,0.0,0.0
12,25,0.0,0.0
12,26,0.0,18.582.344.055.175.700
12,27,7.104.158.401.489.250,0.0
12,28,3.349.781.036.376.950,10.106.563.568.115.200
12,29,0.0,0.0
12,30,0.0,997.304.916.381.836
12,31,10.159.015.655.517.500,0.0
12,32,0.0,1.194.000.244.140.620
12,33,0.0,0.0
12,34,1.058.816.909.790.030,568.389.892.578.125
12,35,0.0,0.0
12,36,0.0,0.0
12,37,1.010.894.775.390.620,0.0
12,38,0.0,3.512.859.344.482.420
12,39,11.115.074.157.714.800,0.0
12,40,0.0,0.0
12,41,29.802.322.387.695.300,0.0
12,42,9.162.425.994.873.040,10.409.355.163.574.200
12,43,8.573.532.104.492.180,0.0
12,44,10.111.331.939.697.200,9.665.489.196.777.340
12,45,0.0,0.0
12,46,0.0,10.027.885.437.011.700
12,47,10.242.462.158.203.100,0.0
12,48,0.0,0.0
12,49,980.377.197.265.625,8.678.436.279.296.870
12,50,7.483.959.197.998.040,9.214.878.082.275.390
12,51,0.0,0.0
12,52,0.0,0.0
12,53,0.0,0.0
12,54,0.0,10.077.953.338.623.000
12,55,4.508.495.330.810.540,8.144.378.662.109.370
13,1,0.0,23.889.541.625.976.500
13,2,0.0,10.440.349.578.857.400
13,3,0.0,0.0
13,4,0.0,0.0
13,5,1.016.378.402.709.960,9.958.744.049.072.260
13,6,5.335.807.800.292.960,7.534.027.099.609.370
13,7,0.0,0.0
13,8,0.0,15.239.715.576.171.800
13,9,0.0,0.0
13,10,0.0,0.0
13,11,0.0,0.0
13,12,0.0,0.0
13,13,0.0,0.0
13,14,0.0,0.0
13,15,0.0,0.0
13,16,68.111.419.677.734.300,0.0
13,17,5.104.541.778.564.450,0.0
13,18,0.0,0.0
13,19,10.089.874.267.578.100,0.0
13,20,0.0,0.0
13,21,0.0,0.0
13,22,7.655.620.574.951.170,1.013.040.542.602.530
13,23,0.0,0.0
13,24,1.008.749.008.178.710,0.0
13,25,0.0,13.501.644.134.521.400
13,26,9.984.970.092.773.430,0.0
13,27,0.0,0.0
13,28,0.0,9.992.122.650.146.480
13,29,0.0,9.975.433.349.609.370
13,30,0.0,6.203.651.428.222.650
13,31,0.0,9.374.618.530.273.430
13,32,0.0,0.0
13,33,0.0,10.008.811.950.683.500
13,34,0.0,0.0
13,35,8.134.841.918.945.310,99.945.068.359.375
13,36,0.0,0.0
13,37,0.0,99.945.068.359.375
13,38,0.0,0.0
13,39,0.0,28.514.862.060.546.800
13,40,0.0,0.0
13,41,0.0,0.0
13,42,0.0,0.0
13,43,6.577.730.178.833.000,0.0
13,44,0.0,0.0
13,45,10.139.942.169.189.400,3.866.910.934.448.240
13,46,0.0,6.041.526.794.433.590
13,47,3.516.674.041.748.040,0.0
13,48,7.886.886.596.679.680,33.469.200.134.277.300
13,49,5.121.231.079.101.560,1.012.563.705.444.330
13,50,10.080.337.524.414.000,1.512.765.884.399.410
13,51,99.945.068.359.375,12.121.200.561.523.400
13,52,0.0,0.0
13,53,0.0,10.066.032.409.667.900
13,54,2.082.347.869.873.040,10.001.659.393.310.500
13,55,10.094.642.639.160.100,0.0
14,1,0.0,0.0
14,2,8.549.690.246.582.030,0.0
14,3,0.0,0.0
14,4,0.0,0.0
14,5,0.0,0.0
14,6,0.0,36.323.070.526.123.000
14,7,0.0,0.0
14,8,0.0,1.008.749.008.178.710
14,9,0.0,0.0
14,10,0.0,0.0
14,11,0.0,0.0
14,12,0.0,15.072.822.570.800.700
14,13,0.0,0.0
14,14,3.930.568.695.068.350,10.094.642.639.160.100
14,15,7.975.101.470.947.260,0.0
14,16,0.0,0.0
14,17,0.0,35.881.996.154.785.100
14,18,0.0,0.0
14,19,0.0,4.820.823.669.433.590
14,20,0.0,0.0
14,21,10.144.710.540.771.400,9.913.444.519.042.960
14,22,0.0,4.904.270.172.119.140
14,23,0.0,0.0
14,24,9.846.687.316.894.530,0.0
14,25,0.0,997.781.753.540.039
14,26,0.0,0.0
14,27,1.539.468.765.258.780,0.0
14,28,6.051.063.537.597.650,0.0
14,29,0.0,0.0
14,30,10.044.574.737.548.800,0.0
14,31,0.0,0.0
14,32,0.0,3.857.135.772.705.070
14,33,0.0,0.0
14,34,21.119.117.736.816.400,10.085.105.895.996.000
14,35,0.0,0.0
14,36,0.0,0.0
14,37,0.0,0.0
14,38,0.0,99.945.068.359.375
14,39,0.0,0.0
14,40,0.0,10.771.751.403.808.500
14,41,4.759.311.676.025.390,0.0
14,42,5.075.931.549.072.260,3.038.167.953.491.210
14,43,11.162.757.873.535.100,10.156.631.469.726.500
14,44,9.093.284.606.933.590,9.987.354.278.564.450
14,45,0.0,6.554.126.739.501.950
14,46,10.101.795.196.533.200,0.0
14,47,997.304.916.381.836,10.590.553.283.691.400
14,48,0.0,0.0
14,49,9.996.891.021.728.510,0.0
14,50,0.0,0.0
14,51,0.0,0.0
14,52,2.387.523.651.123.040,0.0
14,53,0.0,5.297.660.827.636.710
14,54,0.0,0.0
14,55,51.116.943.359.375,10.077.953.338.623.000
15,1,10.433.197.021.484.300,0.0
15,2,8.447.170.257.568.350,10.030.269.622.802.700
15,3,0.0,0.0
15,4,0.0,9.999.275.207.519.530
15,5,10.194.778.442.382.800,0.0
15,6,0.0,0.0
15,7,0.0,9.999.275.207.519.530
15,8,0.0,0.0
15,9,0.0,0.0
15,10,9.987.354.278.564.450,0.0
15,11,0.0,0.0
15,12,9.250.640.869.140.620,0.0
15,13,0.0,0.0
15,14,6.928.443.908.691.400,0.0
15,15,0.0,61.511.993.408
15,16,0.0,0.0
15,17,1.506.805.419.921.870,0.0
15,18,0.0,0.0
15,19,0.0,0.0
15,20,0.0,0.0
15,21,0.0,10.025.501.251.220.700
15,22,0.0,0.0
15,23,0.0,9.970.664.978.027.340
15,24,0.0,0.0
15,25,3.504.037.857.055.660,997.304.916.381.836
15,26,0.0,0.0
15,27,10.247.230.529.785.100,8.244.514.465.332.030
15,28,0.0,0.0
15,29,9.908.676.147.460.930,10.085.105.895.996.000
15,30,0.0,0.0
15,31,0.0,10.030.269.622.802.700
15,32,0.0,0.0
15,33,0.0,9.963.512.420.654.290
15,34,0.0,0.0
15,35,0.0,0.0
15,36,0.0,3.800.392.150.878.900
15,37,0.0,6.456.375.122.070.310
15,38,0.0,7.290.840.148.925.780
15,39,34.868.717.193.603.500,0.0
15,40,0.0,0.0
15,41,40.984.153.747.558.500,4.639.148.712.158.200
15,42,9.450.912.475.585.930,0.0
15,43,0.0,1.012.563.705.444.330
15,44,10.094.642.639.160.100,0.0
15,45,0.0,9.996.891.021.728.510
15,46,9.961.128.234.863.280,0.0
15,47,10.037.422.180.175.700,15.060.901.641.845.700
15,48,0.0,0.0
15,49,10.006.427.764.892.500,1.132.965.087.890.620
15,50,14.946.460.723.876.900,8.463.859.558.105.460
15,51,0.0,0.0
15,52,38.814.544.677.734.300,99.945.068.359.375
15,53,0.0,0.0
15,54,0.0,0.0
15,55,0.0,11.448.860.168.457.000
16,1,0.0,0.0
16,2,0.0,0.0
16,3,0.0,10.039.806.365.966.700
16,4,0.0,6.053.447.723.388.670
16,5,7.512.807.846.069.330,0.0
16,6,0.0,0.0
16,7,10.123.252.868.652.300,0.0
16,8,0.0,0.0
16,9,0.0,0.0
16,10,10.113.716.125.488.200,10.132.789.611.816.400
16,11,0.0,0.0
16,12,1.001.596.450.805.660,9.970.664.978.027.340
16,13,0.0,4.451.274.871.826.170
16,14,10.004.043.579.101.500,0.0
16,15,0.0,0.0
16,16,0.0,1.012.563.705.444.330
16,17,17.347.335.815.429.600,0.0
16,18,0.0,10.018.348.693.847.600
16,19,1.013.040.542.602.530,0.0
16,20,0.0,0.0
16,21,0.0,0.0
16,22,0.0,8.251.667.022.705.070
16,23,11.589.527.130.126.900,0.0
16,24,13.854.503.631.591.700,0.0
16,25,12.979.507.446.289.000,15.065.670.013.427.700
16,26,0.0,0.0
16,27,10.111.331.939.697.200,0.0
16,28,0.0,0.0
16,29,0.0,0.0
16,30,10.309.219.360.351.500,0.0
16,31,0.0,6.918.907.165.527.340
16,32,9.398.460.388.183.590,6.482.601.165.771.480
16,33,0.0,0.0
16,34,0.0,0.0
16,35,0.0,6.334.781.646.728.510
16,36,0.0,0.0
16,37,0.0,0.0
16,38,0.0,0.0
16,39,0.0,0.0
16,40,0.0,0.0
16,41,0.0,15.118.122.100.830.000
16,42,0.0,0.0
16,43,0.0,0.0
16,44,4.875.659.942.626.950,9.968.280.792.236.320
16,45,0.0,0.0
16,46,10.025.501.251.220.700,9.992.122.650.146.480
16,47,9.720.325.469.970.700,7.154.941.558.837.890
16,48,0.0,3.407.001.495.361.320
16,49,18.019.676.208.496.000,10.020.732.879.638.600
16,50,26.161.670.684.814.400,9.987.354.278.564.450
16,51,0.0,99.945.068.359.375
16,52,0.0,0.0
16,53,0.0,31.566.619.873.046.800
16,54,0.0,10.135.173.797.607.400
16,55,0.0,0.0
17,1,10.097.026.824.951.100,0.0
17,2,0.0,0.0
17,3,0.0,0.0
17,4,9.980.201.721.191.400,0.0
17,5,0.0,0.0
17,6,0.0,1.188.516.616.821.280
17,7,10.006.427.764.892.500,0.0
17,8,0.0,0.0
17,9,0.0,0.0
17,10,0.0,9.980.201.721.191.400
17,11,0.0,9.829.998.016.357.420
17,12,0.0,0.0
17,13,5.087.852.478.027.340,0.0
17,14,7.319.450.378.417.960,15.113.353.729.248.000
17,15,0.0,4.291.534.423.828.120
17,16,0.0,4.436.969.757.080.070
17,17,0.0,2.148.151.397.705.070
17,18,8.034.706.115.722.650,0.0
17,19,0.0,0.0
17,20,0.0,0.0
17,21,21.338.462.829.589.800,0.0
17,22,0.0,9.989.738.464.355.460
17,23,28.641.223.907.470.700,0.0
17,24,0.0,0.0
17,25,0.0,9.963.512.420.654.290
17,26,0.0,6.687.641.143.798.820
17,27,1.508.951.187.133.780,0.0
17,28,0.0,0.0
17,29,10.132.789.611.816.400,0.0
17,30,7.359.981.536.865.230,21.800.994.873.046.800
17,31,0.0,6.582.736.968.994.140
17,32,0.0,0.0
17,33,0.0,16.205.310.821.533.200
17,34,0.0,0.0
17,35,0.0,1.008.749.008.178.710
17,36,0.0,957.489.013.671.875
17,37,0.0,0.0
17,38,0.0,10.139.942.169.189.400
17,39,5.623.817.443.847.650,0.0
17,40,0.0,9.996.891.021.728.510
17,41,10.273.456.573.486.300,0.0
17,42,12.998.580.932.617.100,10.018.348.693.847.600
17,43,0.0,5.576.610.565.185.540
17,44,23.565.292.358.398.400,5.288.124.084.472.650
17,45,0.0,15.425.682.067.871.000
17,46,0.0,10.008.811.950.683.500
17,47,0.0,0.0
17,48,0.0,0.0
17,49,0.0,15.056.133.270.263.600
17,50,6.446.361.541.748.040,10.082.721.710.205.000
17,51,0.0,9.248.256.683.349.600
17,52,0.0,0.0
17,53,10.111.331.939.697.200,0.0
17,54,1.003.265.380.859.370,0.0
17,55,0.0,6.029.605.865.478.510
18,1,0.0,0.0
18,2,0.0,0.0
18,3,9.982.585.906.982.420,373.077.392.578.125
18,4,0.0,0.0
18,5,11.997.222.900.390.600,15.118.122.100.830.000
18,6,0.0,0.0
18,7,0.0,0.0
18,8,0.0,0.0
18,9,0.0,0.0
18,10,4.082.918.167.114.250,997.304.916.381.836
18,11,0.0,0.0
18,12,0.0,11.563.301.086.425.700
18,13,0.0,0.0
18,14,0.0,0.0
18,15,45.278.072.357.177.700,0.0
18,16,10.151.863.098.144.500,0.0
18,17,0.0,0.0
18,18,12.726.783.752.441.400,0.0
18,19,0.0,0.0
18,20,0.0,0.0
18,21,0.0,0.0
18,22,0.0,0.0
18,23,0.0,0.0
18,24,605.583.190.918,0.0
18,25,0.0,5.468.606.948.852.530
18,26,0.0,0.0
18,27,19.769.668.579.101.500,0.0
18,28,6.763.935.089.111.320,1.508.951.187.133.780
18,29,0.0,0.0
18,30,0.0,10.135.173.797.607.400
18,31,0.0,10.254.383.087.158.200
18,32,0.0,14.111.995.697.021.400
18,33,0.0,21.479.129.791.259.700
18,34,0.0,0.0
18,35,6.718.635.559.082.030,101.470.947.265.625
18,36,0.0,1.007.080.078.125
18,37,1.016.378.402.709.960,0.0
18,38,10.268.688.201.904.200,0.0
18,39,0.0,15.087.127.685.546.800
18,40,4.227.161.407.470.700,4.360.675.811.767.570
18,41,7.154.941.558.837.890,0.0
18,42,107.574.462.890.625,0.0
18,43,0.0,0.0
18,44,0.0,0.0
18,45,0.0,0.0
18,46,0.0,0.0
18,47,36.792.755.126.953.100,0.0
18,48,5.142.688.751.220.700,0.0
18,49,3.345.489.501.953.120,0.0
18,50,2.043.008.804.321.280,10.082.721.710.205.000
18,51,9.298.324.584.960.930,13.453.960.418.701.100
18,52,26.726.722.717.285.100,8.728.504.180.908.200
18,53,10.027.885.437.011.700,7.963.180.541.992.180
18,54,10.209.083.557.128.900,43.892.860.412.597.600
18,55,0.0,10.037.422.180.175.700
19,1,9.772.777.557.373.040,0.0
19,2,0.0,0.0
19,3,0.0,8.499.622.344.970.700
19,4,0.0,0.0
19,5,2.753.734.588.623.040,0.0
19,6,0.0,10.135.173.797.607.400
19,7,0.0,0.0
19,8,0.0,0.0
19,9,0.0,9.989.738.464.355.460
19,10,0.0,4.341.602.325.439.450
19,11,0.0,1.571.178.436.279.290
19,12,0.0,0.0
19,13,0.0,10.013.580.322.265.600
19,14,0.0,0.0
19,15,0.0,9.989.738.464.355.460
19,16,0.0,0.0
19,17,0.0,0.0
19,18,3.382.444.381.713.860,11.870.861.053.466.700
19,19,0.0,0.0
19,20,10.089.874.267.578.100,885.009.765.625
19,21,0.0,3.306.865.692.138.670
19,22,0.0,0.0
19,23,0.0,10.085.105.895.996.000
19,24,0.0,0.0
19,25,1.001.596.450.805.660,6.871.223.449.707.030
19,26,6.041.526.794.433.590,7.297.992.706.298.820
19,27,8.006.095.886.230.460,0.0
19,28,0.0,3.464.937.210.083.000
19,29,10.104.179.382.324.200,0.0
19,30,0.0,15.742.778.778.076.100
19,31,0.0,0.0
19,32,0.0,9.434.223.175.048.820
19,33,0.0,0.0
19,34,0.0,10.004.043.579.101.500
19,35,0.0,0.0
19,36,0.0,3.981.590.270.996.090
19,37,3.667.593.002.319.330,8.676.052.093.505.850
19,38,0.0,17.881.393.432.617.100
19,39,0.0,10.073.184.967.041.000
19,40,15.087.127.685.546.800,0.0
19,41,0.0,10.006.427.764.892.500
19,42,10.063.648.223.876.900,9.980.201.721.191.400
19,43,0.0,0.0
19,44,1.001.119.613.647.460,12.297.630.310.058.500
19,45,6.928.443.908.691.400,0.0
19,46,0.0,0.0
19,47,20.105.838.775.634.700,8.215.904.235.839.840
19,48,3.821.849.822.998.040,7.548.332.214.355.460
19,49,12.938.976.287.841.700,0.0
19,50,13.828.277.587.890.600,40.323.734.283.447.200
19,51,9.975.433.349.609.370,0.0
19,52,0.0,0.0
19,53,11.522.769.927.978.500,9.970.664.978.027.340
19,54,0.0,15.087.127.685.546.800
19,55,16.405.582.427.978.500,10.411.739.349.365.200
20,1,0.0,0.0
20,2,0.0,0.0
20,3,10.139.942.169.189.400,0.0
20,4,0.0,0.0
20,5,0.0,0.0
20,6,0.0,0.0
20,7,0.0,9.961.128.234.863.280
20,8,10.001.659.393.310.500,0.0
20,9,0.0,0.0
20,10,0.0,1.003.265.380.859.370
20,11,0.0,0.0
20,12,0.0,9.963.512.420.654.290
20,13,919.342.041.015.625,0.0
20,14,9.670.257.568.359.370,12.240.409.851.074.200
20,15,5.774.497.985.839.840,0.0
20,16,5.109.310.150.146.480,23.665.428.161.621.000
20,17,11.279.582.977.294.900,10.051.727.294.921.800
20,18,10.170.936.584.472.600,10.046.958.923.339.800
20,19,9.827.613.830.566.400,0.0
20,20,0.0,9.899.139.404.296.870
20,21,0.0,0.0
20,22,0.0,0.0
20,23,0.0,0.0
20,24,0.0,0.0
20,25,0.0,0.0
20,26,0.0,0.0
20,27,0.0,0.0
20,28,0.0,0.0
20,29,0.0,0.0
20,30,4.927.635.192.871.090,0.0
20,31,0.0,0.0
20,32,0.0,0.0
20,33,0.0,5.379.915.237.426.750
20,34,10.006.427.764.892.500,0.0
20,35,0.0,10.101.795.196.533.200
20,36,0.0,0.0
20,37,1.092.672.348.022.460,9.989.738.464.355.460
20,38,0.0,0.0
20,39,10.025.501.251.220.700,9.984.970.092.773.430
20,40,5.745.887.756.347.650,0.0
20,41,0.0,10.042.190.551.757.800
20,42,0.0,0.0
20,43,0.0,0.0
20,44,0.0,0.0
20,45,5.564.689.636.230.460,0.0
20,46,0.0,0.0
20,47,2.572.298.049.926.750,5.007.743.835.449.210
20,48,0.0,0.0
20,49,15.101.432.800.292.900,3.952.980.041.503.900
20,50,10.144.710.540.771.400,10.023.117.065.429.600
20,51,0.0,9.992.122.650.146.480
20,52,9.996.891.021.728.510,0.0
20,53,9.598.731.994.628.900,9.992.122.650.146.480
20,54,15.461.444.854.736.300,9.980.201.721.191.400
20,55,10.449.886.322.021.400,4.067.420.959.472.650
21,1,0.0,0.0
21,2,0.0,0.0
21,3,0.0,0.0
21,4,4.334.449.768.066.400,0.0
21,5,0.0,0.0
21,6,3.628.730.773.925.780,0.0
21,7,0.0,0.0
21,8,0.0,0.0
21,9,0.0,0.0
21,10,24.251.937.866.210.900,0.0
21,11,0.0,0.0
21,12,0.0,6.203.651.428.222.650
21,13,29.838.085.174.560.500,0.0
21,14,0.0,0.0
21,15,0.0,0.0
21,16,0.0,0.0
21,17,9.944.438.934.326.170,0.0
21,18,0.0,11.830.329.895.019.500
21,19,0.0,0.0
21,20,0.0,37.932.395.935.058.500
21,21,0.0,0.0
21,22,0.0,10.008.811.950.683.500
21,23,0.0,0.0
21,24,15.056.133.270.263.600,1.005.411.148.071.280
21,25,4.887.580.871.582.030,0.0
21,26,5.524.158.477.783.200,0.0
21,27,24.271.011.352.539.000,0.0
21,28,0.0,3.769.397.735.595.700
21,29,10.046.958.923.339.800,27.060.508.728.027.300
21,30,0.0,0.0
21,31,9.961.128.234.863.280,0.0
21,32,0.0,0.0
21,33,1.001.596.450.805.660,0.0
21,34,0.0,0.0
21,35,0.0,0.0
21,36,12.314.319.610.595.700,0.0
21,37,0.0,0.0
21,38,0.0,0.0
21,39,0.0,37.255.287.170.410.100
21,40,0.0,0.0
21,41,0.0,10.085.105.895.996.000
21,42,5.559.921.264.648.430,9.992.122.650.146.480
21,43,0.0,6.289.482.116.699.210
21,44,0.0,10.554.790.496.826.100
21,45,1.882.314.682.006.830,10.113.716.125.488.200
21,46,10.113.716.125.488.200,11.239.051.818.847.600
21,47,0.0,9.272.098.541.259.760
21,48,0.0,10.080.337.524.414.000
21,49,0.0,0.0
21,50,9.987.354.278.564.450,1.032.114.028.930.660
21,51,7.061.958.312.988.280,9.696.483.612.060.540
21,52,0.0,0.0
21,53,0.0,980.377.197.265.625
21,54,0.0,9.179.115.295.410.150
21,55,0.0,0.0
22,1,0.0,0.0
22,2,0.0,0.0
22,3,0.0,9.958.744.049.072.260
22,4,0.0,0.0
22,5,0.0,0.0
22,6,0.0,12.979.507.446.289.000
22,7,23.224.353.790.283.200,0.0
22,8,0.0,0.0
22,9,0.0,34.046.173.095.703.100
22,10,10.089.874.267.578.100,0.0
22,11,0.0,10.080.337.524.414.000
22,12,997.304.916.381.836,0.0
22,13,0.0,0.0
22,14,10.056.495.666.503.900,0.0
22,15,0.0,0.0
22,16,6.976.127.624.511.710,0.0
22,17,10.263.919.830.322.200,0.0
22,18,0.0,0.0
22,19,0.0,0.0
22,20,30.798.912.048.339.800,0.0
22,21,0.0,15.082.359.313.964.800
22,22,0.0,0.0
22,23,0.0,10.097.026.824.951.100
22,24,0.0,0.0
22,25,0.0,0.0
22,26,0.0,0.0
22,27,3.136.873.245.239.250,0.0
22,28,0.0,1.194.000.244.140.620
22,29,10.116.100.311.279.200,0.0
22,30,0.0,0.0
22,31,997.304.916.381.836,0.0
22,32,0.0,0.0
22,33,0.0,0.0
22,34,0.0,0.0
22,35,0.0,0.0
22,36,10.018.348.693.847.600,0.0
22,37,5.702.972.412.109.370,0.0
22,38,0.0,0.0
22,39,0.0,0.0
22,40,0.0,0.0
22,41,0.0,0.0
22,42,2.510.547.637.939.450,15.070.438.385.009.700
22,43,0.0,0.0
22,44,0.0,25.463.104.248.046.800
22,45,17.733.573.913.574.200,9.741.783.142.089.840
22,46,5.528.926.849.365.230,16.837.120.056.152.300
22,47,13.175.010.681.152.300,15.261.173.248.291.000
22,48,11.429.786.682.128.900,8.156.299.591.064.450
22,49,0.0,3.192.424.774.169.920
22,50,9.982.585.906.982.420,10.135.173.797.607.400
22,51,0.0,15.075.206.756.591.700
22,52,10.020.732.879.638.600,0.0
22,53,8.642.673.492.431.640,0.0
22,54,0.0,0.0
22,55,0.0,0.0
23,1,9.963.512.420.654.290,0.0
23,2,4.563.331.604.003.900,0.0
23,3,0.0,0.0
23,4,0.0,0.0
23,5,0.0,0.0
23,6,0.0,6.008.625.030.517.570
23,7,0.0,4.036.426.544.189.450
23,8,0.0,0.0
23,9,10.013.580.322.265.600,0.0
23,10,0.0,0.0
23,11,0.0,9.577.274.322.509.760
23,12,0.0,9.253.025.054.931.640
23,13,0.0,10.161.399.841.308.500
23,14,31.900.405.883.789.000,10.688.304.901.123.000
23,15,0.0,3.001.689.910.888.670
23,16,0.0,0.0
23,17,10.135.173.797.607.400,0.0
23,18,11.830.329.895.019.500,9.987.354.278.564.450
23,19,10.128.021.240.234.300,0.0
23,20,0.0,0.0
23,21,9.057.521.820.068.350,0.0
23,22,6.978.511.810.302.730,0.0
23,23,5.567.073.822.021.480,0.0
23,24,0.0,0.0
23,25,10.154.247.283.935.500,0.0
23,26,0.0,11.191.368.103.027.300
23,27,0.0,6.358.623.504.638.670
23,28,0.0,18.286.705.017.089.800
23,29,0.0,0.0
23,30,0.0,0.0
23,31,0.0,0.0
23,32,34.627.914.428.710.900,0.0
23,33,0.0,0.0
23,34,10.085.105.895.996.000,10.457.038.879.394.500
23,35,0.0,0.0
23,36,10.001.659.393.310.500,9.984.970.092.773.430
23,37,0.0,32.782.554.626.464.800
23,38,0.0,0.0
23,39,0.0,0.0
23,40,0.0,7.793.903.350.830.070
23,41,0.0,0.0
23,42,7.755.756.378.173.820,0.0
23,43,8.971.691.131.591.790,0.0
23,44,0.0,0.0
23,45,0.0,10.097.026.824.951.100
23,46,35.097.599.029.541.000,0.0
23,47,0.0,0.0
23,48,0.0,10.013.580.322.265.600
23,49,9.970.664.978.027.340,0.0
23,50,10.259.151.458.740.200,20.210.742.950.439.400
23,51,8.401.870.727.539.060,0.0
23,52,0.0,0.0
23,53,10.066.032.409.667.900,10.080.337.524.414.000
23,54,0.0,0.0
23,55,0.0,0.0
24,1,0.0,0.0
24,2,0.0,0.0
24,3,0.0,0.0
24,4,38.602.352.142.333.900,0.0
24,5,0.0,9.989.738.464.355.460
24,6,0.0,0.0
24,7,10.099.411.010.742.100,0.0
24,8,0.0,10.561.943.054.199.200
24,9,9.999.275.207.519.530,0.0
24,10,6.380.081.176.757.810,0.0
24,11,0.0,0.0
24,12,8.785.724.639.892.570,1.134.634.017.944.330
24,13,10.175.704.956.054.600,10.170.936.584.472.600
24,14,1.495.361.328.125,9.987.354.278.564.450
24,15,0.0,993.490.219.116.211
24,16,99.945.068.359.375,8.864.402.770.996.090
24,17,0.0,0.0
24,18,0.0,10.063.648.223.876.900
24,19,0.0,0.0
24,20,15.106.201.171.875,9.944.438.934.326.170
24,21,0.0,0.0
24,22,38.123.130.798.339.800,0.0
24,23,0.0,0.0
24,24,10.819.435.119.628.900,15.108.585.357.666.000
24,25,0.0,0.0
24,26,0.0,10.068.416.595.458.900
24,27,0.0,4.417.896.270.751.950
24,28,0.0,6.158.351.898.193.350
24,29,0.0,0.0
24,30,0.0,10.044.574.737.548.800
24,31,0.0,0.0
24,32,395.512.580.871.582,0.0
24,33,0.0,0.0
24,34,0.0,0.0
24,35,10.120.868.682.861.300,99.945.068.359.375
24,36,0.0,0.0
24,37,10.039.806.365.966.700,9.553.432.464.599.600
24,38,0.0,3.733.634.948.730.460
24,39,10.788.440.704.345.700,0.0
24,40,8.676.052.093.505.850,1.009.225.845.336.910
24,41,10.113.716.125.488.200,10.042.190.551.757.800
24,42,18.467.903.137.207.000,6.103.515.625
24,43,15.070.438.385.009.700,0.0
24,44,5.159.378.051.757.810,0.0
24,45,0.0,5.018.949.508.666.990
24,46,1.005.411.148.071.280,0.0
24,47,0.0,0.0
24,48,10.042.190.551.757.800,0.0
24,49,8.587.837.219.238.280,5.018.711.090.087.890
24,50,9.047.985.076.904.290,0.0
24,51,15.101.432.800.292.900,0.0
24,52,0.0,8.707.046.508.789.060
24,53,0.0,0.0
24,54,1.020.669.937.133.780,0.0
24,55,5.753.040.313.720.700,5.019.187.927.246.090
25,1,0.0,0.0
25,2,0.0,0.0
25,3,10.094.642.639.160.100,0.0
25,4,0.0,0.0
25,5,10.352.134.704.589.800,0.0
25,6,0.0,5.043.506.622.314.450
25,7,0.0,0.0
25,8,0.0,0.0
25,9,0.0,0.0
25,10,32.231.807.708.740.200,0.0
25,11,10.123.252.868.652.300,0.0
25,12,10.178.089.141.845.700,0.0
25,13,0.0,0.0
25,14,0.0,18.932.819.366.455.000
25,15,10.037.422.180.175.700,0.0
25,16,0.0,0.0
25,17,0.0,26.671.886.444.091.700
25,18,0.0,0.0
25,19,0.0,0.0
25,20,0.0,0.0
25,21,0.0,0.0
25,22,0.0,5.613.803.863.525.390
25,23,0.0,0.0
25,24,0.0,0.0
25,25,5.904.674.530.029.290,0.0
25,26,0.0,0.0
25,27,10.097.026.824.951.100,0.0
25,28,0.0,5.013.704.299.926.750
25,29,10.192.394.256.591.700,0.0
25,30,8.165.836.334.228.510,2.601.146.697.998.040
25,31,0.0,8.325.576.782.226.560
25,32,25.479.793.548.583.900,15.170.574.188.232.400
25,33,10.986.328.125,0.0
25,34,0.0,0.0
25,35,0.0,0.0
25,36,10.056.495.666.503.900,5.049.705.505.371.090
25,37,0.0,0.0
25,38,15.079.975.128.173.800,0.0
25,39,4.477.500.915.527.340,0.0
25,40,0.0,0.0
25,41,0.0,5.078.315.734.863.280
25,42,0.0,0.0
25,43,0.0,0.0
25,44,0.0,41.768.550.872.802.700
25,45,0.0,9.691.715.240.478.510
25,46,0.0,0.0
25,47,0.0,0.0
25,48,0.0,0.0
25,49,0.0,0.0
25,50,6.691.932.678.222.650,50.506.591.796.875
25,51,0.0,0.0
25,52,9.989.738.464.355.460,0.0
25,53,9.984.970.092.773.430,0.0
25,54,1.001.596.450.805.660,51.038.265.228.271.400
25,55,10.116.100.311.279.200,9.510.517.120.361.320
26,1,4.394.054.412.841.790,0.0
26,2,0.0,0.0
26,3,9.989.738.464.355.460,0.0
26,4,0.0,0.0
26,5,0.0,0.0
26,6,0.0,0.0
26,7,9.989.738.464.355.460,8.069.515.228.271.480
26,8,0.0,0.0
26,9,0.0,0.0
26,10,9.999.275.207.519.530,0.0
26,11,5.826.950.073.242.180,0.0
26,12,484.466.552.734.375,0.0
26,13,17.118.453.979.492.100,0.0
26,14,0.0,0.0
26,15,0.0,0.0
26,16,15.096.664.428.710.900,2.015.829.086.303.710
26,17,0.0,8.828.639.984.130.850
26,18,0.0,0.0
26,19,0.0,15.149.116.516.113.200
26,20,0.0,0.0
26,21,10.006.427.764.892.500,0.0
26,22,0.0,0.0
26,23,8.091.926.574.707.030,0.0
26,24,0.0,0.0
26,25,0.0,0.0
26,26,0.0,0.0
26,27,0.0,0.0
26,28,24.423.599.243.164.000,5.089.282.989.501.950
26,29,5.671.977.996.826.170,0.0
26,30,0.0,0.0
26,31,0.0,0.0
26,32,0.0,35.109.519.958.496.000
26,33,0.0,0.0
26,34,17.719.268.798.828.100,0.0
26,35,0.0,0.0
26,36,10.166.168.212.890.600,0.0
26,37,0.0,5.013.942.718.505.850
26,38,9.999.275.207.519.530,0.0
26,39,0.0,0.0
26,40,10.101.795.196.533.200,0.0
26,41,5.078.315.734.863.280,0.0
26,42,978.231.430.053.711,0.0
26,43,0.0,0.0
26,44,1.005.411.148.071.280,0.0
26,45,0.0,0.0
26,46,997.304.916.381.836,9.939.908.981.323.240
26,47,0.0,8.761.882.781.982.420
26,48,10.001.659.393.310.500,0.0
26,49,7.593.631.744.384.760,25.234.222.412.109.300
26,50,13.206.005.096.435.500,0.0
26,51,0.0,5.557.060.241.699.210
26,52,0.0,0.0
26,53,19.359.588.623.046.800,3.187.894.821.166.990
26,54,5.993.843.078.613.280,10.080.337.524.414.000
26,55,24.962.425.231.933.500,9.927.749.633.789.060
27,1,7.939.338.684.082.030,1.001.596.450.805.660
27,2,0.0,0.0
27,3,10.173.320.770.263.600,1.308.917.999.267.570
27,4,0.0,7.779.598.236.083.980
27,5,0.0,0.0
27,6,12.409.687.042.236.300,5.507.469.177.246.090
27,7,0.0,0.0
27,8,0.0,9.868.144.989.013.670
27,9,10.128.021.240.234.300,0.0
27,10,0.0,10.023.117.065.429.600
27,11,0.0,9.713.172.912.597.650
27,12,0.0,5.729.198.455.810.540
27,13,0.0,0.0
27,14,11.374.950.408.935.500,1.008.749.008.178.710
27,15,0.0,0.0
27,16,10.106.563.568.115.200,0.0
27,17,0.0,0.0
27,18,9.968.280.792.236.320,0.0
27,19,0.0,0.0
27,20,0.0,0.0
27,21,10.001.659.393.310.500,401.616.096.496.582
27,22,0.0,3.364.086.151.123.040
27,23,0.0,0.0
27,24,2.467.632.293.701.170,0.0
27,25,6.651.878.356.933.590,9.980.201.721.191.400
27,26,0.0,0.0
27,27,0.0,10.075.569.152.832.000
27,28,24.640.560.150.146.400,9.958.744.049.072.260
27,29,8.158.683.776.855.460,7.236.003.875.732.420
27,30,0.0,0.0
27,31,36.635.398.864.746.000,13.780.593.872.070.300
27,32,1.016.378.402.709.960,0.0
27,33,9.915.828.704.833.980,54.931.640.625
27,34,0.0,4.487.037.658.691.400
27,35,0.0,10.123.252.868.652.300
27,36,0.0,0.0
27,37,1.161.336.898.803.710,0.0
27,38,0.0,0.0
27,39,0.0,0.0
27,40,9.832.382.202.148.430,0.0
27,41,8.349.418.640.136.710,0.0
27,42,9.071.826.934.814.450,0.0
27,43,5.843.639.373.779.290,1.009.225.845.336.910
27,44,11.467.933.654.785.100,0.0
27,45,26.388.168.334.960.900,9.975.433.349.609.370
27,46,5.061.626.434.326.170,10.037.422.180.175.700
27,47,2.015.352.249.145.500,0.0
27,48,9.963.512.420.654.290,10.018.348.693.847.600
27,49,1.003.265.380.859.370,0.0
27,50,20.117.759.704.589.800,412.440.299.987.793
27,51,9.908.676.147.460.930,10.190.010.070.800.700
27,52,10.066.032.409.667.900,9.984.970.092.773.430
27,53,0.0,993.967.056.274.414
27,54,15.408.992.767.333.900,0.0
27,55,0.0,9.996.891.021.728.510
28,1,15.482.902.526.855.400,0.0
28,2,0.0,0.0
28,3,5.908.012.390.136.710,0.0
28,4,6.291.866.302.490.230,0.0
28,5,0.0,0.0
28,6,15.871.524.810.791.000,0.0
28,7,0.0,0.0
28,8,0.0,2.610.445.022.583.000
28,9,0.0,0.0
28,10,0.0,10.113.716.125.488.200
28,11,0.0,0.0
28,12,0.0,10.001.659.393.310.500
28,13,997.781.753.540.039,0.0
28,14,10.004.043.579.101.500,9.996.891.021.728.510
28,15,10.039.806.365.966.700,0.0
28,16,0.0,99.945.068.359.375
28,17,8.528.232.574.462.890,5.033.016.204.833.980
28,18,5.147.457.122.802.730,0.0
28,19,0.0,0.0
28,20,10.137.557.983.398.400,0.0
28,21,12.202.262.878.417.900,0.0
28,22,545.501.708.984.375,0.0
28,23,10.120.868.682.861.300,0.0
28,24,10.001.659.393.310.500,29.370.784.759.521.400
28,25,0.0,0.0
28,26,0.0,10.159.015.655.517.500
28,27,2.508.878.707.885.740,0.0
28,28,0.0,0.0
28,29,10.113.716.125.488.200,9.970.664.978.027.340
28,30,10.051.727.294.921.800,0.0
28,31,9.922.981.262.207.030,10.068.416.595.458.900
28,32,10.023.117.065.429.600,5.862.712.860.107.420
28,33,0.0,0.0
28,34,0.0,0.0
28,35,0.0,0.0
28,36,26.226.043.701.171.800,0.0
28,37,10.731.220.245.361.300,0.0
28,38,8.475.780.487.060.540,0.0
28,39,6.132.125.854.492.180,0.0
28,40,10.135.173.797.607.400,30.541.419.982.910.100
28,41,0.0,10.123.252.868.652.300
28,42,0.0,22.454.261.779.785.100
28,43,0.0,11.889.934.539.794.900
28,44,0.0,0.0
28,45,10.161.399.841.308.500,2.573.728.561.401.360
28,46,10.137.557.983.398.400,0.0
28,47,9.984.970.092.773.430,0.0
28,48,11.310.577.392.578.100,0.0
28,49,10.783.672.332.763.600,1.012.563.705.444.330
28,50,33.721.923.828.125,19.960.403.442.382.800
28,51,15.106.201.171.875,10.120.868.682.861.300
28,52,10.137.557.983.398.400,10.797.977.447.509.700
28,53,13.287.067.413.330.000,10.118.484.497.070.300
28,54,1.409.292.221.069.330,2.159.595.489.501.950
28,55,9.968.280.792.236.320,16.291.141.510.009.700
29,1,0.0,0.0
29,2,9.992.122.650.146.480,18.241.405.487.060.500
29,3,10.013.580.322.265.600,0.0
29,4,0.0,0.0
29,5,0.0,0.0
29,6,5.133.152.008.056.640,1.506.805.419.921.870
29,7,0.0,0.0
29,8,0.0,1.010.894.775.390.620
29,9,0.0,0.0
29,10,4.255.056.381.225.580,13.916.492.462.158.200
29,11,1.009.225.845.336.910,9.584.426.879.882.810
29,12,0.0,0.0
29,13,9.996.891.021.728.510,1.001.596.450.805.660
29,14,0.0,9.980.201.721.191.400
29,15,0.0,0.0
29,16,9.999.275.207.519.530,0.0
29,17,5.726.814.270.019.530,10.023.117.065.429.600
29,18,10.116.100.311.279.200,10.046.958.923.339.800
29,19,0.0,2.001.047.134.399.410
29,20,0.0,5.679.130.554.199.210
29,21,0.0,10.411.739.349.365.200
29,22,0.0,12.590.885.162.353.500
29,23,0.0,5.681.514.739.990.230
29,24,0.0,10.700.225.830.078.100
29,25,4.273.891.448.974.600,0.0
29,26,10.170.936.584.472.600,0.0
29,27,0.0,0.0
29,28,9.293.556.213.378.900,4.012.584.686.279.290
29,29,10.144.710.540.771.400,10.914.802.551.269.500
29,30,5.104.541.778.564.450,0.0
29,31,10.137.557.983.398.400,0.0
29,32,9.999.275.207.519.530,0.0
29,33,10.247.230.529.785.100,995.635.986.328.125
29,34,9.722.709.655.761.710,9.503.364.562.988.280
29,35,9.615.421.295.166.010,0.0
29,36,13.625.621.795.654.200,4.570.722.579.956.050
29,37,0.0,0.0
29,38,1.010.894.775.390.620,5.247.592.926.025.390
29,39,0.0,0.0
29,40,15.082.359.313.964.800,10.113.716.125.488.200
29,41,10.101.795.196.533.200,0.0
29,42,10.006.427.764.892.500,10.952.949.523.925.700
29,43,9.548.664.093.017.570,0.0
29,44,2.107.858.657.836.910,0.0
29,45,102.996.826.171.875,0.0
29,46,7.996.559.143.066.400,10.128.021.240.234.300
29,47,5.564.689.636.230.460,15.273.094.177.246.000
29,48,10.628.700.256.347.600,1.256.704.330.444.330
29,49,0.0,0.0
29,50,0.0,4.617.452.621.459.960
29,51,0.0,1.001.119.613.647.460
29,52,0.0,0.0
29,53,0.0,15.094.280.242.919.900
29,54,1.005.411.148.071.280,10.704.994.201.660.100
29,55,0.0,2.146.005.630.493.160
30,1,5.638.599.395.751.950,0.0
30,2,0.0,0.0
30,3,0.0,10.023.117.065.429.600
30,4,37.288.665.771.484.300,0.0
30,5,11.456.012.725.830.000,0.0
30,6,8.261.203.765.869.140,997.781.753.540.039
30,7,0.0,12.562.274.932.861.300
30,8,0.0,15.196.800.231.933.500
30,9,11.870.861.053.466.700,2.218.484.878.540.030
30,10,0.0,4.839.897.155.761.710
30,11,0.0,0.0
30,12,0.0,9.984.970.092.773.430
30,13,0.0,10.066.032.409.667.900
30,14,0.0,0.0
30,15,0.0,0.0
30,16,31.957.626.342.773.400,0.0
30,17,0.0,31.228.065.490.722.600
30,18,10.094.642.639.160.100,0.0
30,19,9.167.194.366.455.070,10.251.998.901.367.100
30,20,0.0,0.0
30,21,0.0,0.0
30,22,15.442.371.368.408.200,10.006.427.764.892.500
30,23,12.211.799.621.582.000,0.0
30,24,7.712.841.033.935.540,0.0
30,25,10.001.659.393.310.500,0.0
30,26,0.0,0.0
30,27,10.137.557.983.398.400,4.172.801.971.435.540
30,28,0.0,5.102.157.592.773.430
30,29,0.0,10.128.021.240.234.300
30,30,1.123.666.763.305.660,1.001.119.613.647.460
30,31,0.0,1.255.035.400.390.620
30,32,0.0,9.100.437.164.306.640
30,33,0.0,0.0
30,34,0.0,10.001.659.393.310.500
30,35,0.0,0.0
30,36,5.011.796.951.293.940,0.0
30,37,10.128.021.240.234.300,9.944.438.934.326.170
30,38,10.297.298.431.396.400,10.037.422.180.175.700
30,39,10.759.830.474.853.500,5.939.006.805.419.920
30,40,0.0,9.272.098.541.259.760
30,41,0.0,0.0
30,42,0.0,0.0
30,43,0.0,9.419.918.060.302.730
30,44,7.046.222.686.767.570,1.295.328.140.258.780
30,45,0.0,1.972.198.486.328.120
30,46,0.0,10.128.021.240.234.300
30,47,3.765.583.038.330.070,0.0
30,48,10.187.625.885.009.700,0.0
30,49,9.961.128.234.863.280,15.134.811.401.367.100
30,50,2.072.572.708.129.880,20.232.200.622.558.500
30,51,12.328.624.725.341.700,11.835.098.266.601.500
30,52,15.561.580.657.958.900,10.106.563.568.115.200
30,53,30.531.883.239.746.000,0.0
30,54,142.669.677.734.375,10.013.580.322.265.600
30,55,0.0,997.781.753.540.039
31,1,0.0,0.0
31,2,40.171.146.392.822.200,9.987.354.278.564.450
31,3,0.0,0.0
31,4,0.0,8.904.933.929.443.350
31,5,2.367.258.071.899.410,1.569.509.506.225.580
31,6,0.0,8.800.029.754.638.670
31,7,0.0,10.118.484.497.070.300
31,8,0.0,0.0
31,9,0.0,0.0
31,10,10.006.427.764.892.500,9.391.307.830.810.540
31,11,9.572.505.950.927.730,0.0
31,12,0.0,101.470.947.265.625
31,13,35.314.559.936.523.400,0.0
31,14,2.197.742.462.158.200,0.0
31,15,8.330.345.153.808.590,0.0
31,16,48.828.125,0.0
31,17,0.0,4.245.758.056.640.620
31,18,0.0,0.0
31,19,9.982.585.906.982.420,0.0
31,20,0.0,993.490.219.116.211
31,21,9.961.128.234.863.280,0.0
31,22,0.0,0.0
31,23,0.0,0.0
31,24,0.0,0.0
31,25,2.598.762.512.207.030,9.806.156.158.447.260
31,26,10.104.179.382.324.200,0.0
31,27,10.037.422.180.175.700,10.416.507.720.947.200
31,28,0.0,13.790.130.615.234.300
31,29,20.160.675.048.828.100,8.141.994.476.318.350
31,30,27.980.804.443.359.300,10.111.331.939.697.200
31,31,10.128.021.240.234.300,10.030.269.622.802.700
31,32,9.968.280.792.236.320,0.0
31,33,0.0,0.0
31,34,10.917.186.737.060.500,0.0
31,35,9.310.245.513.916.010,36.230.087.280.273.400
31,36,0.0,101.470.947.265.625
31,37,0.0,0.0
31,38,0.0,7.905.960.083.007.810
31,39,0.0,4.544.258.117.675.780
31,40,0.0,10.056.495.666.503.900
31,41,0.0,0.0
31,42,5.928.516.387.939.450,34.589.767.456.054.600
31,43,7.529.258.728.027.340,9.980.201.721.191.400
31,44,5.142.688.751.220.700,11.744.499.206.542.900
31,45,25.501.251.220.703.100,461.578.369.140.625
31,46,10.759.830.474.853.500,0.0
31,47,12.593.269.348.144.500,0.0
31,48,0.0,0.0
31,49,0.0,0.0
31,50,2.996.683.120.727.530,0.0
31,51,5.846.023.559.570.310,5.452.871.322.631.830
31,52,14.023.780.822.753.900,10.116.100.311.279.200
31,53,9.965.896.606.445.310,0.0
31,54,9.989.738.464.355.460,10.056.495.666.503.900
31,55,997.304.916.381.836,15.478.134.155.273.400
32,1,11.703.968.048.095.700,0.0
32,2,0.0,2.566.814.422.607.420
32,3,0.0,10.154.247.283.935.500
32,4,3.991.127.014.160.150,0.0
32,5,0.0,9.946.823.120.117.180
32,6,6.666.183.471.679.680,0.0
32,7,6.539.821.624.755.850,0.0
32,8,0.0,1.001.596.450.805.660
32,9,0.0,7.843.971.252.441.400
32,10,10.578.632.354.736.300,10.571.479.797.363.200
32,11,0.0,0.0
32,12,0.0,1.012.563.705.444.330
32,13,0.0,10.001.659.393.310.500
32,14,0.0,9.984.970.092.773.430
32,15,3.941.059.112.548.820,7.817.745.208.740.230
32,16,0.0,6.723.403.930.664.060
32,17,15.118.122.100.830.000,9.090.900.421.142.570
32,18,0.0,0.0
32,19,10.099.411.010.742.100,0.0
32,20,0.0,0.0
32,21,10.156.631.469.726.500,4.988.193.511.962.890
32,22,0.0,0.0
32,23,0.0,1.001.596.450.805.660
32,24,0.0,0.0
32,25,3.960.132.598.876.950,0.0
32,26,0.0,12.698.173.522.949.200
32,27,1.009.225.845.336.910,0.0
32,28,10.149.478.912.353.500,0.0
32,29,9.527.206.420.898.430,0.0
32,30,0.0,0.0
32,31,0.0,0.0
32,32,0.0,0.0
32,33,0.0,57.489.871.978.759.700
32,34,0.0,10.139.942.169.189.400
32,35,0.0,7.033.348.083.496.090
32,36,0.0,13.811.588.287.353.500
32,37,0.0,9.257.793.426.513.670
32,38,860.738.754.272.461,5.340.576.171.875
32,39,1.369.476.318.359.370,0.0
32,40,0.0,0.0
32,41,0.0,9.958.744.049.072.260
32,42,0.0,10.008.811.950.683.500
32,43,0.0,14.579.296.112.060.500
32,44,0.0,13.706.684.112.548.800
32,45,0.0,10.161.399.841.308.500
32,46,0.0,995.635.986.328.125
32,47,0.0,9.980.201.721.191.400
32,48,0.0,0.0
32,49,0.0,10.023.117.065.429.600
32,50,10.088.443.756.103.500,30.050.277.709.960.900
32,51,10.921.955.108.642.500,20.160.675.048.828.100
32,52,101.470.947.265.625,1.607.656.478.881.830
32,53,993.967.056.274.414,10.213.851.928.710.900
32,54,9.067.058.563.232.420,0.0
32,55,0.0,0.0
33,1,1.161.336.898.803.710,0.0
33,2,0.0,0.0
33,3,0.0,0.0
33,4,0.0,293.731.689.453.125
33,5,0.0,0.0
33,6,0.0,0.0
33,7,0.0,9.980.201.721.191.400
33,8,37.059.783.935.546.800,0.0
33,9,5.195.140.838.623.040,0.0
33,10,1.010.894.775.390.620,1.001.119.613.647.460
33,11,0.0,6.244.182.586.669.920
33,12,1.008.749.008.178.710,20.644.664.764.404.200
33,13,0.0,5.893.707.275.390.620
33,14,9.877.681.732.177.730,0.0
33,15,10.602.474.212.646.400,9.942.054.748.535.150
33,16,7.121.562.957.763.670,0.0
33,17,0.0,4.558.563.232.421.870
33,18,10.080.337.524.414.000,0.0
33,19,0.0,0.0
33,20,0.0,0.0
33,21,0.0,0.0
33,22,0.0,0.0
33,23,0.0,0.0
33,24,0.0,0.0
33,25,10.051.727.294.921.800,0.0
33,26,0.0,0.0
33,27,92.315.673.828.125,10.113.716.125.488.200
33,28,7.824.897.766.113.280,0.0
33,29,0.0,0.0
33,30,0.0,10.025.501.251.220.700
33,31,2.526.998.519.897.460,0.0
33,32,17.774.105.072.021.400,1.157.522.201.538.080
33,33,8.242.130.279.541.010,7.104.873.657.226.560
33,34,0.0,0.0
33,35,10.027.885.437.011.700,3.697.633.743.286.130
33,36,0.0,0.0
33,37,0.0,9.987.354.278.564.450
33,38,0.0,9.601.116.180.419.920
33,39,0.0,5.636.215.209.960.930
33,40,10.290.145.874.023.400,10.654.926.300.048.800
33,41,7.398.128.509.521.480,0.0
33,42,5.156.993.865.966.790,0.0
33,43,10.862.350.463.867.100,0.0
33,44,0.0,0.0
33,45,0.0,10.113.716.125.488.200
33,46,0.0,9.999.275.207.519.530
33,47,0.0,9.999.275.207.519.530
33,48,0.0,9.930.133.819.580.070
33,49,0.0,15.187.263.488.769.500
33,50,5.082.607.269.287.100,0.0
33,51,1.306.295.394.897.460,0.0
33,52,2.489.328.384.399.410,10.237.693.786.621.000
33,53,9.980.201.721.191.400,1.018.524.169.921.870
33,54,1.039.743.423.461.910,0.0
33,55,10.075.569.152.832.000,2.054.929.733.276.360
34,1,0.0,0.0
34,2,0.0,0.0
34,3,0.0,0.0
34,4,10.001.659.393.310.500,0.0
34,5,0.0,0.0
34,6,0.0,26.845.932.006.835.900
34,7,3.223.419.189.453.120,0.0
34,8,0.0,10.097.026.824.951.100
34,9,0.0,0.0
34,10,15.094.280.242.919.900,10.051.727.294.921.800
34,11,0.0,0.0
34,12,0.0,0.0
34,13,0.0,0.0
34,14,0.0,0.0
34,15,0.0,5.031.108.856.201.170
34,16,0.0,0.0
34,17,0.0,0.0
34,18,37.987.232.208.251.900,0.0
34,19,0.0,0.0
34,20,0.0,2.951.383.590.698.240
34,21,0.0,33.402.442.932.128.900
34,22,0.0,0.0
34,23,0.0,0.0
34,24,0.0,0.0
34,25,0.0,0.0
34,26,0.0,9.844.303.131.103.510
34,27,22.411.346.435.546.800,0.0
34,28,0.0,9.996.891.021.728.510
34,29,0.0,0.0
34,30,995.635.986.328.125,10.001.659.393.310.500
34,31,0.0,0.0
34,32,0.0,9.026.527.404.785.150
34,33,0.0,5.941.390.991.210.930
34,34,0.0,14.352.798.461.914.000
34,35,0.0,5.071.163.177.490.230
34,36,8.292.198.181.152.340,0.0
34,37,0.0,10.068.416.595.458.900
34,38,0.0,0.0
34,39,0.0,10.113.716.125.488.200
34,40,0.0,10.018.348.693.847.600
34,41,0.0,0.0
34,42,0.0,0.0
34,43,0.0,0.0
34,44,0.0,0.0
34,45,0.0,10.106.563.568.115.200
34,46,0.0,1.001.596.450.805.660
34,47,5.518.913.269.042.960,0.0
34,48,0.0,9.970.664.978.027.340
34,49,0.0,0.0
34,50,12.466.907.501.220.700,10.006.427.764.892.500
34,51,2.560.138.702.392.570,13.439.655.303.955.000
34,52,7.982.254.028.320.310,0.0
34,53,11.124.610.900.878.900,0.0
34,54,10.023.117.065.429.600,25.365.352.630.615.200
34,55,0.0,11.949.539.184.570.300
35,1,9.987.354.278.564.450,0.0
35,2,0.0,40.972.232.818.603.500
35,3,0.0,0.0
35,4,9.975.433.349.609.370,10.144.710.540.771.400
35,5,0.0,0.0
35,6,0.0,10.004.043.579.101.500
35,7,31.685.829.162.597.600,0.0
35,8,0.0,0.0
35,9,0.0,0.0
35,10,0.0,43.511.390.686.035.100
35,11,0.0,0.0
35,12,0.0,10.149.478.912.353.500
35,13,0.0,0.0
35,14,0.0,0.0
35,15,0.0,0.0
35,16,0.0,0.0
35,17,0.0,0.0
35,18,36.644.935.607.910.100,0.0
35,19,0.0,8.270.740.509.033.200
35,20,0.0,0.0
35,21,0.0,10.311.603.546.142.500
35,22,0.0,9.791.851.043.701.170
35,23,9.975.433.349.609.370,1.001.119.613.647.460
35,24,0.0,0.0
35,25,0.0,4.916.191.101.074.210
35,26,2.875.328.063.964.840,0.0
35,27,7.085.800.170.898.430,10.094.642.639.160.100
35,28,0.0,0.0
35,29,0.0,0.0
35,30,0.0,0.0
35,31,0.0,0.0
35,32,10.018.348.693.847.600,0.0
35,33,0.0,35.758.018.493.652.300
35,34,0.0,0.0
35,35,0.0,10.142.326.354.980.400
35,36,0.0,0.0
35,37,1.001.596.450.805.660,9.970.664.978.027.340
35,38,0.0,0.0
35,39,0.0,9.999.275.207.519.530
35,40,15.065.670.013.427.700,0.0
35,41,0.0,9.975.433.349.609.370
35,42,2.722.740.173.339.840,1.094.818.115.234.370
35,43,0.0,8.084.774.017.333.980
35,44,17.557.144.165.039.000,0.0
35,45,3.147.125.244.140.620,0.0
35,46,10.113.716.125.488.200,0.0
35,47,1.003.265.380.859.370,0.0
35,48,5.779.266.357.421.870,0.0
35,49,0.0,10.101.795.196.533.200
35,50,0.0,0.0
35,51,4.014.253.616.333.000,0.0
35,52,0.0,10.066.032.409.667.900
35,53,0.0,0.0
35,54,0.0,10.004.043.579.101.500
35,55,0.0,55.694.580.078.125
36,1,0.0,5.786.418.914.794.920
36,2,0.0,16.164.779.663.085.900
36,3,49.974.918.365.478.500,0.0
36,4,5.850.791.931.152.340,9.989.738.464.355.460
36,5,5.242.824.554.443.350,0.0
36,6,0.0,0.0
36,7,0.0,10.037.422.180.175.700
36,8,9.970.664.978.027.340,0.0
36,9,0.0,0.0
36,10,997.304.916.381.836,10.156.631.469.726.500
36,11,10.516.643.524.169.900,0.0
36,12,0.0,0.0
36,13,1.210.927.963.256.830,0.0
36,14,10.104.179.382.324.200,6.597.042.083.740.230
36,15,408.172.607.421.875,0.0
36,16,0.0,2.012.968.063.354.490
36,17,3.112.316.131.591.790,0.0
36,18,0.0,0.0
36,19,1.628.875.732.421.870,2.594.470.977.783.200
36,20,23.436.546.325.683.500,0.0
36,21,0.0,10.173.320.770.263.600
36,22,10.213.851.928.710.900,0.0
36,23,10.004.043.579.101.500,0.0
36,24,0.0,9.930.133.819.580.070
36,25,9.882.450.103.759.760,0.0
36,26,1.155.853.271.484.370,0.0
36,27,9.210.109.710.693.350,0.0
36,28,0.0,0.0
36,29,0.0,10.008.811.950.683.500
36,30,9.980.201.721.191.400,6.592.273.712.158.200
36,31,0.0,0.0
36,32,0.0,0.0
36,33,0.0,0.0
36,34,6.134.510.040.283.200,0.0
36,35,0.0,2.508.878.707.885.740
36,36,0.0,0.0
36,37,5.204.677.581.787.100,0.0
36,38,10.132.789.611.816.400,0.0
36,39,0.0,0.0
36,40,10.037.422.180.175.700,0.0
36,41,995.635.986.328.125,0.0
36,42,0.0,28.302.669.525.146.400
36,43,9.999.275.207.519.530,0.0
36,44,0.0,0.0
36,45,0.0,9.500.980.377.197.260
36,46,0.0,0.0
36,47,15.573.501.586.914.000,18.804.073.333.740.200
36,48,10.094.642.639.160.100,1.461.029.052.734.370
36,49,10.001.659.393.310.500,15.416.145.324.707.000
36,50,20.062.923.431.396.400,15.213.489.532.470.700
36,51,5.948.543.548.583.980,9.980.201.721.191.400
36,52,3.737.926.483.154.290,0.0
36,53,5.648.136.138.916.010,12.493.133.544.921.800
36,54,9.655.952.453.613.280,4.620.552.062.988.280
36,55,1.363.515.853.881.830,10.085.105.895.996.000
37,1,0.0,0.0
37,2,64.134.597.778,0.0
37,3,0.0,0.0
37,4,0.0,0.0
37,5,0.0,0.0
37,6,0.0,0.0
37,7,0.0,0.0
37,8,0.0,0.0
37,9,0.0,0.0
37,10,2.765.655.517.578.120,38.640.499.114.990.200
37,11,0.0,0.0
37,12,10.173.320.770.263.600,0.0
37,13,0.0,0.0
37,14,7.162.094.116.210.930,0.0
37,15,0.0,1.007.080.078.125
37,16,0.0,0.0
37,17,43.833.255.767.822.200,1.165.628.433.227.530
37,18,0.0,10.790.824.890.136.700
37,19,0.0,15.072.822.570.800.700
37,20,0.0,0.0
37,21,15.177.726.745.605.400,1.007.080.078.125
37,22,0.0,0.0
37,23,10.089.874.267.578.100,0.0
37,24,0.0,0.0
37,25,5.311.965.942.382.810,9.989.738.464.355.460
37,26,10.123.252.868.652.300,0.0
37,27,10.035.037.994.384.700,9.629.726.409.912.100
37,28,0.0,39.124.488.830.566.400
37,29,99.945.068.359.375,10.137.557.983.398.400
37,30,9.601.116.180.419.920,0.0
37,31,0.0,0.0
37,32,0.0,0.0
37,33,5.114.078.521.728.510,0.0
37,34,0.0,0.0
37,35,0.0,0.0
37,36,0.0,0.0
37,37,0.0,4.095.315.933.227.530
37,38,10.116.100.311.279.200,0.0
37,39,0.0,0.0
37,40,0.0,10.077.953.338.623.000
37,41,10.225.772.857.666.000,0.0
37,42,0.0,11.556.148.529.052.700
37,43,0.0,7.798.671.722.412.100
37,44,10.707.378.387.451.100,19.037.723.541.259.700
37,45,7.917.881.011.962.890,0.0
37,46,0.0,0.0
37,47,1.012.563.705.444.330,10.008.811.950.683.500
37,48,99.945.068.359.375,0.0
37,49,0.0,0.0
37,50,10.409.355.163.574.200,20.029.544.830.322.200
37,51,7.050.037.384.033.200,0.0
37,52,7.944.107.055.664.060,0.0
37,53,12.621.879.577.636.700,10.123.252.868.652.300
37,54,10.704.994.201.660.100,9.992.122.650.146.480
37,55,6.055.831.909.179.680,0.0
38,1,3.352.165.222.167.960,11.970.996.856.689.400
38,2,5.512.237.548.828.120,0.0
38,3,5.443.096.160.888.670,0.0
38,4,5.307.197.570.800.780,0.0
38,5,5.402.565.002.441.400,0.0
38,6,5.347.728.729.248.040,9.968.280.792.236.320
38,7,5.297.660.827.636.710,7.414.817.810.058.590
38,8,0.0,0.0
38,9,0.0,0.0
38,10,8.101.463.317.871.090,9.591.579.437.255.850
38,11,8.525.848.388.671.870,10.123.252.868.652.300
38,12,5.571.842.193.603.510,10.027.885.437.011.700
38,13,5.478.858.947.753.900,7.607.936.859.130.850
38,14,6.072.521.209.716.790,0.0
38,15,16.641.616.821.289.000,0.0
38,16,5.409.717.559.814.450,1.512.765.884.399.410
38,17,5.624.294.281.005.850,0.0
38,18,5.118.846.893.310.540,0.0
38,19,7.321.834.564.208.980,0.0
38,20,17.173.290.252.685.500,0.0
38,21,8.273.124.694.824.210,0.0
38,22,5.495.548.248.291.010,0.0
38,23,5.519.390.106.201.170,0.0
38,24,5.304.813.385.009.760,38.230.419.158.935.500
38,25,5.476.474.761.962.890,0.0
38,26,5.555.152.893.066.400,10.113.716.125.488.200
38,27,5.414.485.931.396.480,0.0
38,28,6.105.899.810.791.010,9.996.891.021.728.510
38,29,5.319.118.499.755.850,0.0
38,30,6.582.736.968.994.140,1.001.596.450.805.660
38,31,5.347.728.729.248.040,0.0
38,32,5.557.537.078.857.420,0.0
38,33,5.524.158.477.783.200,7.252.693.176.269.530
38,34,5.545.616.149.902.340,0.0
38,35,5.345.344.543.457.030,0.0
38,36,6.303.787.231.445.310,0.0
38,37,11.119.842.529.296.800,0.0
38,38,1.741.647.720.336.910,0.0
38,39,8.890.628.814.697.260,0.0
38,40,11.816.024.780.273.400,29.413.700.103.759.700
38,41,9.002.685.546.875,1.013.040.542.602.530
38,42,5.846.023.559.570.310,10.292.530.059.814.400
38,43,6.101.131.439.208.980,0.0
38,44,5.311.965.942.382.810,9.703.636.169.433.590
38,45,11.250.972.747.802.700,9.970.664.978.027.340
38,46,5.183.219.909.667.960,0.0
38,47,10.440.349.578.857.400,8.246.898.651.123.040
38,48,6.315.708.160.400.390,6.456.375.122.070.310
38,49,5.092.620.849.609.370,0.0
38,50,10.318.756.103.515.600,10.037.422.180.175.700
38,51,9.779.930.114.746.090,9.982.585.906.982.420
38,52,9.982.585.906.982.420,0.0
38,53,0.0,10.013.580.322.265.600
38,54,0.0,99.945.068.359.375
38,55,28.014.183.044.433.500,32.901.763.916.015.600
39,1,9.999.275.207.519.530,0.0
39,2,0.0,0.0
39,3,0.0,0.0
39,4,0.0,0.0
39,5,0.0,0.0
39,6,0.0,0.0
39,7,10.037.422.180.175.700,0.0
39,8,0.0,17.824.172.973.632.800
39,9,0.0,6.132.125.854.492.180
39,10,12.369.155.883.789.000,0.0
39,11,0.0,20.177.364.349.365.200
39,12,10.030.269.622.802.700,0.0
39,13,0.0,0.0
39,14,0.0,10.008.811.950.683.500
39,15,0.0,0.0
39,16,0.0,0.0
39,17,9.987.354.278.564.450,0.0
39,18,5.586.147.308.349.600,0.0
39,19,4.742.145.538.330.070,9.975.433.349.609.370
39,20,0.0,0.0
39,21,0.0,0.0
39,22,0.0,1.003.265.380.859.370
39,23,7.650.852.203.369.140,6.949.901.580.810.540
39,24,6.456.375.122.070.310,0.0
39,25,0.0,0.0
39,26,0.0,0.0
39,27,0.0,0.0
39,28,0.0,10.042.190.551.757.800
39,29,10.106.563.568.115.200,0.0
39,30,0.0,9.984.970.092.773.430
39,31,0.0,0.0
39,32,0.0,9.982.585.906.982.420
39,33,0.0,3.883.838.653.564.450
39,34,15.060.901.641.845.700,2.551.078.796.386.710
39,35,0.0,0.0
39,36,0.0,1.008.749.008.178.710
39,37,10.089.874.267.578.100,0.0
39,38,6.330.013.275.146.480,0.0
39,39,7.753.372.192.382.810,0.0
39,40,18.095.970.153.808.500,0.0
39,41,1.001.596.450.805.660,0.0
39,42,0.0,0.0
39,43,99.945.068.359.375,0.0
39,44,0.0,0.0
39,45,9.987.354.278.564.450,10.170.936.584.472.600
39,46,0.0,0.0
39,47,9.038.448.333.740.230,15.072.822.570.800.700
39,48,1.138.925.552.368.160,0.0
39,49,21.696.090.698.242.100,1.007.080.078.125
39,50,17.442.703.247.070.300,10.020.732.879.638.600
39,51,0.0,835.418.701.171.875
39,52,0.0,8.332.729.339.599.600
39,53,5.606.651.306.152.340,0.0
39,54,1.043.081.283.569.330,1.004.934.310.913.080
39,55,0.0,9.961.128.234.863.280
40,1,0.0,0.0
40,2,0.0,0.0
40,3,12.552.738.189.697.200,10.004.043.579.101.500
40,4,0.0,0.0
40,5,0.0,0.0
40,6,0.0,9.992.122.650.146.480
40,7,0.0,43.201.446.533.203.100
40,8,0.0,0.0
40,9,0.0,0.0
40,10,0.0,0.0
40,11,0.0,0.0
40,12,0.0,0.0
40,13,0.0,0.0
40,14,0.0,6.644.725.799.560.540
40,15,0.0,0.0
40,16,0.0,0.0
40,17,10.082.721.710.205.000,5.185.604.095.458.980
40,18,0.0,0.0
40,19,9.834.766.387.939.450,10.094.642.639.160.100
40,20,0.0,0.0
40,21,0.0,0.0
40,22,0.0,0.0
40,23,0.0,0.0
40,24,0.0,10.027.885.437.011.700
40,25,0.0,0.0
40,26,0.0,0.0
40,27,0.0,9.992.122.650.146.480
40,28,0.0,6.377.696.990.966.790
40,29,0.0,713.348.388.671.875
40,30,35.114.288.330.078.100,21.123.886.108.398.400
40,31,0.0,10.030.269.622.802.700
40,32,0.0,0.0
40,33,40.841.102.600.097.600,9.987.354.278.564.450
40,34,0.0,0.0
40,35,10.101.795.196.533.200,0.0
40,36,0.0,0.0
40,37,9.999.275.207.519.530,7.638.931.274.414.060
40,38,0.0,36.787.986.755.371.000
40,39,0.0,0.0
40,40,0.0,10.097.026.824.951.100
40,41,15.513.896.942.138.600,0.0
40,42,9.000.301.361.083.980,15.680.789.947.509.700
40,43,0.0,7.114.410.400.390.620
40,44,10.020.732.879.638.600,0.0
40,45,7.784.366.607.666.010,2.716.064.453.125
40,46,0.0,0.0
40,47,11.353.492.736.816.400,0.0
40,48,0.0,997.304.916.381.836
40,49,0.0,0.0
40,50,10.099.411.010.742.100,19.989.013.671.875
40,51,15.082.359.313.964.800,0.0
40,52,0.0,10.006.427.764.892.500
40,53,0.0,0.0
40,54,10.008.811.950.683.500,8.971.691.131.591.790
40,55,5.800.724.029.541.010,1.007.080.078.125
41,1,8.995.532.989.501.950,0.0
41,2,244.140.625,0.0
41,3,0.0,10.013.580.322.265.600
41,4,0.0,0.0
41,5,9.999.275.207.519.530,0.0
41,6,0.0,0.0
41,7,0.0,15.070.438.385.009.700
41,8,0.0,0.0
41,9,0.0,0.0
41,10,5.347.728.729.248.040,11.026.859.283.447.200
41,11,0.0,0.0
41,12,5.106.925.964.355.460,0.0
41,13,0.0,0.0
41,14,0.0,0.0
41,15,0.0,0.0
41,16,5.074.739.456.176.750,0.0
41,17,10.213.851.928.710.900,6.184.577.941.894.530
41,18,0.0,0.0
41,19,0.0,0.0
41,20,1.001.596.450.805.660,33.845.901.489.257.800
41,21,0.0,0.0
41,22,1.001.119.613.647.460,10.142.326.354.980.400
41,23,0.0,0.0
41,24,0.0,9.949.207.305.908.200
41,25,4.973.411.560.058.590,0.0
41,26,1.004.934.310.913.080,0.0
41,27,10.137.557.983.398.400,10.540.485.382.080.000
41,28,9.844.303.131.103.510,0.0
41,29,9.982.585.906.982.420,9.970.664.978.027.340
41,30,7.717.609.405.517.570,5.152.225.494.384.760
41,31,0.0,0.0
41,32,0.0,0.0
41,33,41.937.828.063.964.800,0.0
41,34,11.336.803.436.279.200,0.0
41,35,5.006.790.161.132.810,0.0
41,36,10.175.704.956.054.600,0.0
41,37,997.781.753.540.039,0.0
41,38,0.0,0.0
41,39,10.547.637.939.453.100,0.0
41,40,0.0,51.021.575.927.734.300
41,41,0.0,10.135.173.797.607.400
41,42,0.0,0.0
41,43,0.0,0.0
41,44,0.0,15.094.280.242.919.900
41,45,1.008.749.008.178.710,14.269.351.959.228.500
41,46,0.0,0.0
41,47,14.584.064.483.642.500,3.870.725.631.713.860
41,48,0.0,0.0
41,49,0.0,10.020.732.879.638.600
41,50,6.155.729.293.823.240,13.053.417.205.810.500
41,51,0.0,0.0
41,52,15.172.958.374.023.400,0.0
41,53,10.128.021.240.234.300,0.0
41,54,16.646.385.192.871.000,0.0
41,55,20.813.941.955.566.400,0.0
42,1,10.056.495.666.503.900,0.0
42,2,0.0,0.0
42,3,9.980.201.721.191.400,0.0
42,4,0.0,0.0
42,5,0.0,0.0
42,6,9.987.354.278.564.450,5.688.667.297.363.280
42,7,0.0,0.0
42,8,39.839.744.567.871.000,0.0
42,9,0.0,10.099.411.010.742.100
42,10,1.341.104.507.446.280,0.0
42,11,0.0,9.987.354.278.564.450
42,12,5.085.468.292.236.320,0.0
42,13,0.0,8.907.318.115.234.370
42,14,2.913.951.873.779.290,10.118.484.497.070.300
42,15,0.0,10.647.773.742.675.700
42,16,0.0,8.904.933.929.443.350
42,17,10.080.337.524.414.000,0.0
42,18,0.0,10.094.642.639.160.100
42,19,0.0,0.0
42,20,0.0,0.0
42,21,10.025.501.251.220.700,0.0
42,22,0.0,0.0
42,23,0.0,99.945.068.359.375
42,24,0.0,0.0
42,25,12.383.460.998.535.100,0.0
42,26,0.0,9.999.275.207.519.530
42,27,0.0,522.613.525.390.625
42,28,10.099.411.010.742.100,0.0
42,29,9.999.275.207.519.530,19.121.170.043.945.300
42,30,7.843.971.252.441.400,10.044.574.737.548.800
42,31,5.228.519.439.697.260,0.0
42,32,0.0,0.0
42,33,0.0,0.0
42,34,8.921.623.229.980.460,0.0
42,35,8.847.713.470.458.980,10.058.879.852.294.900
42,36,0.0,0.0
42,37,3.635.883.331.298.820,14.767.646.789.550.700
42,38,5.273.818.969.726.560,0.0
42,39,10.094.642.639.160.100,0.0
42,40,10.347.366.333.007.800,0.0
42,41,0.0,11.060.237.884.521.400
42,42,6.062.984.466.552.730,0.0
42,43,0.0,0.0
42,44,0.0,0.0
42,45,0.0,0.0
42,46,0.0,0.0
42,47,0.0,5.511.045.455.932.610
42,48,0.0,12.826.919.555.664.000
42,49,0.0,2.639.293.670.654.290
42,50,10.082.721.710.205.000,2.348.184.585.571.280
42,51,0.0,10.025.501.251.220.700
42,52,25.482.177.734.375,0.0
42,53,14.750.957.489.013.600,0.0
42,54,14.157.295.227.050.700,10.631.084.442.138.600
42,55,10.094.642.639.160.100,0.0
43,1,0.0,0.0
43,2,11.293.888.092.041.000,0.0
43,3,10.142.326.354.980.400,2.427.816.390.991.210
43,4,8.738.040.924.072.260,0.0
43,5,10.235.309.600.830.000,0.0
43,6,0.0,0.0
43,7,10.118.484.497.070.300,0.0
43,8,993.967.056.274.414,0.0
43,9,0.0,10.595.321.655.273.400
43,10,0.0,10.159.015.655.517.500
43,11,9.980.201.721.191.400,1.834.869.384.765.620
43,12,10.771.751.403.808.500,1.285.552.978.515.620
43,13,5.137.920.379.638.670,0.0
43,14,0.0,10.042.190.551.757.800
43,15,3.625.631.332.397.460,0.0
43,16,5.278.587.341.308.590,0.0
43,17,10.170.936.584.472.600,0.0
43,18,0.0,0.0
43,19,9.963.512.420.654.290,0.0
43,20,0.0,0.0
43,21,10.001.659.393.310.500,3.249.645.233.154.290
43,22,0.0,2.830.028.533.935.540
43,23,10.623.931.884.765.600,0.0
43,24,0.0,0.0
43,25,5.106.925.964.355.460,0.0
43,26,0.0,0.0
43,27,0.0,0.0
43,28,10.018.348.693.847.600,0.0
43,29,9.965.896.606.445.310,0.0
43,30,0.0,0.0
43,31,11.653.900.146.484.300,0.0
43,32,0.0,0.0
43,33,1.224.517.822.265.620,3.932.476.043.701.170
43,34,8.800.029.754.638.670,0.0
43,35,0.0,0.0
43,36,0.0,0.0
43,37,4.018.306.732.177.730,10.080.337.524.414.000
43,38,0.0,4.229.545.593.261.710
43,39,10.101.795.196.533.200,8.118.152.618.408.200
43,40,1.043.558.120.727.530,978.708.267.211.914
43,41,0.0,218.963.623.046.875
43,42,0.0,10.426.044.464.111.300
43,43,9.984.970.092.773.430,0.0
43,44,0.0,96.893.310.546.875
43,45,1.003.265.380.859.370,0.0
43,46,7.796.287.536.621.090,993.967.056.274.414
43,47,10.311.603.546.142.500,6.034.374.237.060.540
43,48,0.0,0.0
43,49,978.708.267.211.914,0.0
43,50,10.213.851.928.710.900,0.0
43,51,9.768.009.185.791.010,0.0
43,52,6.620.883.941.650.390,0.0
43,53,10.042.190.551.757.800,0.0
43,54,9.403.228.759.765.620,1.657.247.543.334.960
43,55,0.0,0.0
44,1,0.0,10.106.563.568.115.200
44,2,0.0,0.0
44,3,0.0,0.0
44,4,0.0,997.304.916.381.836
44,5,0.0,0.0
44,6,9.963.512.420.654.290,9.317.398.071.289.060
44,7,0.0,8.780.956.268.310.540
44,8,0.0,0.0
44,9,99.945.068.359.375,0.0
44,10,0.0,14.154.911.041.259.700
44,11,0.0,0.0
44,12,0.0,0.0
44,13,6.532.669.067.382.810,0.0
44,14,0.0,0.0
44,15,0.0,0.0
44,16,0.0,0.0
44,17,0.0,10.945.796.966.552.700
44,18,0.0,3.304.481.506.347.650
44,19,0.0,0.0
44,20,0.0,1.001.596.450.805.660
44,21,0.0,0.0
44,22,0.0,0.0
44,23,0.0,9.989.738.464.355.460
44,24,0.0,0.0
44,25,0.0,0.0
44,26,5.360.126.495.361.320,0.0
44,27,0.0,0.0
44,28,10.213.851.928.710.900,0.0
44,29,989.675.521.850.586,0.0
44,30,10.938.644.409.179.600,32.508.373.260.498.000
44,31,5.090.236.663.818.350,0.0
44,32,0.0,1.012.563.705.444.330
44,33,0.0,0.0
44,34,49.839.019.775.390.600,997.304.916.381.836
44,35,0.0,0.0
44,36,10.154.247.283.935.500,10.402.202.606.201.100
44,37,9.951.591.491.699.210,5.066.394.805.908.200
44,38,6.918.907.165.527.340,0.0
44,39,46.443.939.208.984.300,0.0
44,40,0.0,0.0
44,41,10.113.716.125.488.200,0.0
44,42,10.006.427.764.892.500,0.0
44,43,0.0,3.483.295.440.673.820
44,44,0.0,0.0
44,45,0.0,15.094.280.242.919.900
44,46,0.0,0.0
44,47,30.536.651.611.328.100,10.104.179.382.324.200
44,48,10.159.015.655.517.500,0.0
44,49,0.0,0.0
44,50,16.307.830.810.546.800,1.001.119.613.647.460
44,51,0.0,10.020.732.879.638.600
44,52,40.650.367.736.816.400,8.466.243.743.896.480
44,53,10.118.484.497.070.300,0.0
44,54,9.989.738.464.355.460,10.082.721.710.205.000
44,55,9.996.891.021.728.510,10.008.811.950.683.500
45,1,0.0,0.0
45,2,9.989.738.464.355.460,0.0
45,3,0.0,0.0
45,4,0.0,1.013.040.542.602.530
45,5,0.0,10.783.672.332.763.600
45,6,0.0,14.147.758.483.886.700
45,7,0.0,0.0
45,8,0.0,10.068.416.595.458.900
45,9,0.0,0.0
45,10,0.0,0.0
45,11,0.0,0.0
45,12,0.0,0.0
45,13,0.0,6.732.940.673.828.120
45,14,0.0,3.209.114.074.707.030
45,15,5.378.007.888.793.940,0.0
45,16,0.0,1.009.225.845.336.910
45,17,10.118.484.497.070.300,0.0
45,18,0.0,0.0
45,19,9.987.354.278.564.450,0.0
45,20,42.939.186.096.191.400,0.0
45,21,0.0,0.0
45,22,0.0,0.0
45,23,20.258.426.666.259.700,0.0
45,24,10.771.751.403.808.500,0.0
45,25,0.0,35.381.317.138.671.800
45,26,1.010.894.775.390.620,36.263.465.881.347.600
45,27,0.0,0.0
45,28,9.987.354.278.564.450,1.010.894.775.390.620
45,29,0.0,0.0
45,30,0.0,997.781.753.540.039
45,31,0.0,0.0
45,32,15.065.670.013.427.700,10.004.043.579.101.500
45,33,0.0,0.0
45,34,0.0,0.0
45,35,0.0,0.0
45,36,8.473.396.301.269.530,6.113.052.368.164.060
45,37,8.575.916.290.283.200,1.932.382.583.618.160
45,38,2.739.429.473.876.950,0.0
45,39,0.0,0.0
45,40,10.025.501.251.220.700,0.0
45,41,997.781.753.540.039,0.0
45,42,0.0,10.712.146.759.033.200
45,43,10.008.811.950.683.500,5.338.191.986.083.980
45,44,0.0,0.0
45,45,9.212.493.896.484.370,10.099.411.010.742.100
45,46,0.0,0.0
45,47,0.0,0.0
45,48,1.995.563.507.080.070,0.0
45,49,6.456.375.122.070.310,0.0
45,50,1.013.040.542.602.530,0.0
45,51,35.638.809.204.101.500,0.0
45,52,0.0,0.0
45,53,0.0,10.960.102.081.298.800
45,54,1.003.265.380.859.370,0.0
45,55,9.987.354.278.564.450,10.156.631.469.726.500
46,1,0.0,568.389.892.578.125
46,2,10.025.501.251.220.700,0.0
46,3,0.0,0.0
46,4,99.945.068.359.375,0.0
46,5,0.0,0.0
46,6,32.019.615.173.339.800,0.0
46,7,5.116.462.707.519.530,2.659.320.831.298.820
46,8,0.0,11.031.627.655.029.200
46,9,0.0,9.362.697.601.318.350
46,10,0.0,10.061.264.038.085.900
46,11,9.963.512.420.654.290,0.0
46,12,0.0,7.970.333.099.365.230
46,13,0.0,0.0
46,14,9.953.975.677.490.230,0.0
46,15,0.0,0.0
46,16,0.0,15.730.857.849.121.000
46,17,6.616.115.570.068.350,0.0
46,18,0.0,0.0
46,19,0.0,0.0
46,20,0.0,0.0
46,21,0.0,38.814.544.677.734.300
46,22,5.104.541.778.564.450,0.0
46,23,0.0,10.113.716.125.488.200
46,24,0.0,0.0
46,25,0.0,0.0
46,26,0.0,997.781.753.540.039
46,27,9.982.585.906.982.420,9.992.122.650.146.480
46,28,0.0,10.030.269.622.802.700
46,29,10.001.659.393.310.500,18.506.050.109.863.200
46,30,0.0,10.113.716.125.488.200
46,31,0.0,0.0
46,32,0.0,0.0
46,33,6.670.951.843.261.710,9.949.207.305.908.200
46,34,5.612.373.352.050.780,10.538.101.196.289.000
46,35,1.919.269.561.767.570,0.0
46,36,0.0,0.0
46,37,0.0,10.058.879.852.294.900
46,38,0.0,0.0
46,39,0.0,0.0
46,40,0.0,10.023.117.065.429.600
46,41,10.030.269.622.802.700,5.748.271.942.138.670
46,42,0.0,9.682.178.497.314.450
46,43,12.238.025.665.283.200,1.007.080.078.125
46,44,34.427.642.822.265.600,995.635.986.328.125
46,45,0.0,9.989.738.464.355.460
46,46,10.144.710.540.771.400,6.184.577.941.894.530
46,47,6.291.866.302.490.230,26.807.785.034.179.600
46,48,0.0,10.120.868.682.861.300
46,49,0.0,0.0
46,50,35.381.317.138.671.800,2.538.442.611.694.330
46,51,0.0,12.688.636.779.785.100
46,52,1.001.596.450.805.660,13.725.757.598.876.900
46,53,0.0,10.192.394.256.591.700
46,54,0.0,9.992.122.650.146.480
46,55,10.023.117.065.429.600,10.271.072.387.695.300
47,1,0.0,6.513.595.581.054.680
47,2,0.0,4.391.670.227.050.780
47,3,12.354.850.769.042.900,0.0
47,4,0.0,1.016.378.402.709.960
47,5,0.0,0.0
47,6,0.0,0.0
47,7,0.0,0.0
47,8,10.123.252.868.652.300,0.0
47,9,0.0,28.562.545.776.367.100
47,10,9.953.975.677.490.230,0.0
47,11,0.0,2.343.416.213.989.250
47,12,0.0,0.0
47,13,0.0,0.0
47,14,0.0,6.480.216.979.980.460
47,15,0.0,5.176.067.352.294.920
47,16,0.0,0.0
47,17,274.658.203.125,58.412.551.880
47,18,0.0,0.0
47,19,0.0,0.0
47,20,7.054.805.755.615.230,0.0
47,21,0.0,0.0
47,22,1.016.378.402.709.960,0.0
47,23,0.0,38.864.612.579.345.700
47,24,0.0,10.166.168.212.890.600
47,25,27.523.040.771.484.300,9.942.054.748.535.150
47,26,0.0,0.0
47,27,10.089.874.267.578.100,1.590.251.922.607.420
47,28,0.0,18.105.506.896.972.600
47,29,10.020.732.879.638.600,2.029.895.782.470.700
47,30,0.0,10.111.331.939.697.200
47,31,9.987.354.278.564.450,9.953.975.677.490.230
47,32,0.0,0.0
47,33,0.0,0.0
47,34,0.0,9.996.891.021.728.510
47,35,6.570.816.040.039.060,7.159.709.930.419.920
47,36,0.0,9.479.522.705.078.120
47,37,0.0,0.0
47,38,0.0,0.0
47,39,0.0,10.023.117.065.429.600
47,40,251.007.080.078.125,5.192.756.652.832.030
47,41,0.0,10.788.440.704.345.700
47,42,0.0,0.0
47,43,0.0,10.788.440.704.345.700
47,44,0.0,0.0
47,45,0.0,0.0
47,46,0.0,0.0
47,47,10.097.026.824.951.100,4.441.499.710.083.000
47,48,0.0,11.017.322.540.283.200
47,49,10.037.422.180.175.700,15.256.404.876.708.900
47,50,8.080.005.645.751.950,1.018.524.169.921.870
47,51,23.741.722.106.933.500,11.463.165.283.203.100
47,52,4.699.230.194.091.790,2.422.332.763.671.870
47,53,10.135.173.797.607.400,5.660.057.067.871.090
47,54,9.958.744.049.072.260,10.342.597.961.425.700
47,55,0.0,5.512.237.548.828.120
48,1,0.0,0.0
48,2,0.0,0.0
48,3,0.0,5.280.971.527.099.600
48,4,0.0,0.0
48,5,0.0,4.673.004.150.390.620
48,6,9.272.098.541.259.760,5.204.677.581.787.100
48,7,4.968.643.188.476.560,54.168.701.171.875
48,8,17.213.821.411.132.800,5.435.943.603.515.620
48,9,0.0,6.234.645.843.505.850
48,10,10.013.580.322.265.600,10.976.791.381.835.900
48,11,0.0,6.234.645.843.505.850
48,12,0.0,12.574.195.861.816.400
48,13,0.0,5.578.994.750.976.560
48,14,0.0,5.474.090.576.171.870
48,15,9.877.681.732.177.730,0.0
48,16,0.0,0.0
48,17,9.629.726.409.912.100,5.402.565.002.441.400
48,18,3.590.583.801.269.530,6.630.420.684.814.450
48,19,0.0,3.719.329.833.984.370
48,20,0.0,0.0
48,21,10.085.105.895.996.000,0.0
48,22,0.0,5.383.491.516.113.280
48,23,0.0,5.509.853.363.037.100
48,24,6.475.448.608.398.430,5.521.774.291.992.180
48,25,0.0,10.786.056.518.554.600
48,26,0.0,5.342.960.357.666.010
48,27,30.143.260.955.810.500,5.614.757.537.841.790
48,28,0.0,11.286.735.534.667.900
48,29,10.106.563.568.115.200,10.786.056.518.554.600
48,30,0.0,9.827.613.830.566.400
48,31,997.304.916.381.836,8.184.909.820.556.640
48,32,0.0,1.355.886.459.350.580
48,33,0.0,17.178.058.624.267.500
48,34,99.945.068.359.375,0.0
48,35,0.0,0.0
48,36,0.0,0.0
48,37,0.0,11.906.623.840.332.000
48,38,7.297.992.706.298.820,9.946.823.120.117.180
48,39,0.0,0.0
48,40,0.0,0.0
48,41,0.0,5.292.892.456.054.680
48,42,0.0,0.0
48,43,0.0,0.0
48,44,0.0,2.516.508.102.416.990
48,45,0.0,10.137.557.983.398.400
48,46,0.0,9.813.308.715.820.310
48,47,0.0,10.197.162.628.173.800
48,48,0.0,1.050.710.678.100.580
48,49,5.487.918.853.759.760,5.161.762.237.548.820
48,50,2.010.345.458.984.370,21.004.676.818.847.600
48,51,12.695.789.337.158.200,5.116.462.707.519.530
48,52,0.0,5.440.711.975.097.650
48,53,0.0,0.0
48,54,5.056.619.644.165.030,35.572.052.001.953.100
48,55,10.292.530.059.814.400,2.894.401.550.292.960
49,1,0.0,0.0
49,2,9.806.156.158.447.260,10.073.184.967.041.000
49,3,6.544.589.996.337.890,0.0
49,4,4.849.433.898.925.780,0.0
49,5,0.0,0.0
49,6,0.0,0.0
49,7,0.0,1.001.119.613.647.460
49,8,0.0,0.0
49,9,0.0,7.462.501.525.878.900
49,10,10.085.105.895.996.000,579.833.984.375
49,11,0.0,0.0
49,12,0.0,0.0
49,13,0.0,0.0
49,14,21.209.716.796.875,2.351.999.282.836.910
49,15,0.0,0.0
49,16,10.111.331.939.697.200,0.0
49,17,0.0,32.045.841.217.041.000
49,18,10.006.427.764.892.500,0.0
49,19,7.205.009.460.449.210,10.192.394.256.591.700
49,20,0.0,0.0
49,21,0.0,0.0
49,22,22.346.973.419.189.400,9.970.664.978.027.340
49,23,0.0,0.0
49,24,682.830.810.546.875,0.0
49,25,0.0,0.0
49,26,0.0,15.060.901.641.845.700
49,27,0.0,46.324.729.919.433.500
49,28,0.0,0.0
49,29,0.0,0.0
49,30,11.448.860.168.457.000,0.0
49,31,3.333.091.735.839.840,0.0
49,32,0.0,0.0
49,33,99.945.068.359.375,0.0
49,34,0.0,0.0
49,35,10.001.659.393.310.500,0.0
49,36,0.0,0.0
49,37,0.0,0.0
49,38,0.0,0.0
49,39,0.0,5.376.577.377.319.330
49,40,0.0,0.0
49,41,0.0,10.099.411.010.742.100
49,42,30.629.634.857.177.700,0.0
49,43,1.009.225.845.336.910,13.031.959.533.691.400
49,44,0.0,9.436.607.360.839.840
49,45,10.089.874.267.578.100,10.142.326.354.980.400
49,46,0.0,52.213.668.823
49,47,12.214.183.807.373.000,0.0
49,48,0.0,10.118.484.497.070.300
49,49,0.0,0.0
49,50,10.120.868.682.861.300,1.995.086.669.921.870
49,51,0.0,0.0
49,52,0.0,10.006.427.764.892.500
49,53,1.001.119.613.647.460,4.994.869.232.177.730
49,54,17.151.832.580.566.400,0.0
49,55,0.0,0.0
50,1,10.437.965.393.066.400,0.0
50,2,0.0,0.0
50,3,0.0,0.0
50,4,0.0,0.0
50,5,0.0,35.109.519.958.496.000
50,6,0.0,0.0
50,7,10.044.574.737.548.800,0.0
50,8,0.0,0.0
50,9,0.0,0.0
50,10,9.648.799.896.240.230,18.656.253.814.697.200
50,11,0.0,0.0
50,12,10.001.659.393.310.500,10.099.411.010.742.100
50,13,5.295.276.641.845.700,0.0
50,14,10.075.569.152.832.000,0.0
50,15,5.457.401.275.634.760,0.0
50,16,5.831.718.444.824.210,8.311.271.667.480.460
50,17,8.549.690.246.582.030,762.939.453.125
50,18,0.0,10.271.072.387.695.300
50,19,0.0,0.0
50,20,0.0,10.170.936.584.472.600
50,21,0.0,16.546.249.389.648.400
50,22,9.751.319.885.253.900,0.0
50,23,0.0,10.104.179.382.324.200
50,24,0.0,5.075.931.549.072.260
50,25,9.970.664.978.027.340,0.0
50,26,0.0,1.009.225.845.336.910
50,27,10.023.117.065.429.600,0.0
50,28,5.011.558.532.714.840,13.625.621.795.654.200
50,29,0.0,5.333.423.614.501.950
50,30,0.0,0.0
50,31,0.0,0.0
50,32,20.155.906.677.246.000,0.0
50,33,0.0,0.0
50,34,0.0,0.0
50,35,0.0,0.0
50,36,0.0,0.0
50,37,0.0,0.0
50,38,0.0,0.0
50,39,38.788.318.634.033.200,4.059.791.564.941.400
50,40,0.0,0.0
50,41,0.0,0.0
50,42,1.900.196.075.439.450,9.989.738.464.355.460
50,43,0.0,0.0
50,44,4.014.492.034.912.100,15.139.579.772.949.200
50,45,0.0,0.0
50,46,0.0,3.634.929.656.982.420
50,47,0.0,0.0
50,48,0.0,0.0
50,49,12.824.535.369.873.000,0.0
50,50,1.489.877.700.805.660,5.280.256.271.362.300
50,51,9.646.415.710.449.210,9.605.884.552.001.950
50,52,0.0,9.953.975.677.490.230
50,53,1.065.969.467.163.080,1.005.411.148.071.280
50,54,0.0,9.961.128.234.863.280
50,55,0.0,1.066.446.304.321.280